{
	"type": "minecraft:chest",
	"pools": [
		{
			"rolls": 3,
			"entries": [
				{
					"type": "minecraft:item",
					"name": "minecraft:warped_wart_block",
					"functions": [
						{
							"function": "minecraft:set_count",
							"count": {
								"min": 1,
								"max": 2
							}
						}
					]
				},
				{
					"type": "minecraft:item",
					"name": "minecraft:warped_fungus",
					"functions": [
						{
							"function": "minecraft:set_count",
							"count": {
								"min": 2,
								"max": 3
							}
						}
					]
				}
			]
		},
		{
			"rolls": 1,
			"entries": [
				{
					"type": "minecraft:loot_table",
					"value": "stellarity:village/house/common"
				}
			]
		}
	]
}
