{
	"type": "minecraft:chest",
	"pools": [
		{
			"rolls": {
				"min": 2,
				"max": 4
			},
			"entries": [
				{
					"type": "minecraft:item",
					"name": "minecraft:arrow",
					"functions": [
						{
							"function": "minecraft:set_count",
							"count": {
								"type": "minecraft:binomial",
								"n": 14,
								"p": 0.44
							}
						}
					]
				}
			]
		},
		{
			"rolls": 1,
			"entries": [
				{
					"type": "minecraft:item",
					"name": "minecraft:bow",
					"functions": [
						{
							"function": "minecraft:set_damage",
							"damage": {
								"min": 0.1,
								"max": 0.77
							}
						},
						{
							"function": "minecraft:enchant_with_levels",
							"levels": 30,
							"options": "#minecraft:on_random_loot"
						}
					]
				}
			]
		}
	]
}
