{
	"type": "minecraft:chest",
	"pools": [
		{
			"rolls": {
				"min": 1,
				"max": 2
			},
			"entries": [
				{
					"type": "minecraft:item",
					"name": "minecraft:iron_chestplate",
					"functions": [
						{
							"function": "minecraft:enchant_with_levels",
							"levels": {
								"min": 29,
								"max": 39
							},
							"options": "#minecraft:on_random_loot"
						}
					]
				},
				{
					"type": "minecraft:item",
					"name": "minecraft:iron_helmet",
					"functions": [
						{
							"function": "minecraft:enchant_with_levels",
							"levels": {
								"min": 29,
								"max": 39
							},
							"options": "#minecraft:on_random_loot"
						}
					]
				},
				{
					"type": "minecraft:item",
					"name": "minecraft:iron_leggings",
					"functions": [
						{
							"function": "minecraft:enchant_with_levels",
							"levels": {
								"min": 29,
								"max": 39
							},
							"options": "#minecraft:on_random_loot"
						}
					]
				},
				{
					"type": "minecraft:item",
					"name": "minecraft:iron_boots",
					"functions": [
						{
							"function": "minecraft:enchant_with_levels",
							"levels": {
								"min": 29,
								"max": 39
							},
							"options": "#minecraft:on_random_loot"
						}
					]
				},
				{
					"type": "minecraft:item",
					"name": "minecraft:diamond_chestplate",
					"functions": [
						{
							"function": "minecraft:enchant_with_levels",
							"levels": {
								"min": 29,
								"max": 39
							},
							"options": "#minecraft:on_random_loot"
						}
					]
				},
				{
					"type": "minecraft:item",
					"name": "minecraft:diamond_helmet",
					"functions": [
						{
							"function": "minecraft:enchant_with_levels",
							"levels": {
								"min": 29,
								"max": 39
							},
							"options": "#minecraft:on_random_loot"
						}
					]
				},
				{
					"type": "minecraft:item",
					"name": "minecraft:diamond_leggings",
					"functions": [
						{
							"function": "minecraft:enchant_with_levels",
							"levels": {
								"min": 29,
								"max": 39
							},
							"options": "#minecraft:on_random_loot"
						}
					]
				},
				{
					"type": "minecraft:item",
					"name": "minecraft:diamond_boots",
					"functions": [
						{
							"function": "minecraft:enchant_with_levels",
							"levels": {
								"min": 29,
								"max": 39
							},
							"options": "#minecraft:on_random_loot"
						}
					]
				}
			]
		},
		{
			"rolls": {
				"min": 5,
				"max": 7
			},
			"entries": [
				{
					"type": "minecraft:item",
					"weight": 10,
					"name": "minecraft:coal",
					"functions": [
						{
							"function": "minecraft:set_count",
							"count": {
								"min": 2,
								"max": 3
							},
							"add": false
						}
					]
				},
				{
					"type": "minecraft:group",
					"children": [
						{
							"type": "minecraft:item",
							"weight": 8,
							"name": "minecraft:gold_ingot"
						},
						{
							"type": "minecraft:item",
							"weight": 8,
							"name": "minecraft:iron_ingot"
						}
					],
					"functions": [
						{
							"function": "minecraft:set_count",
							"count": {
								"min": 1,
								"max": 3
							},
							"add": false
						}
					]
				}
			]
		}
	]
}
