{
	"type": "minecraft:chest",
	"pools": [
		{
			"rolls": {
				"type": "minecraft:uniform",
				"min": 5,
				"max": 7
			},
			"bonus_rolls": 0,
			"entries": [
				{
					"type": "minecraft:item",
					"weight": 9,
					"name": "minecraft:arrow",
					"functions": [
						{
							"function": "minecraft:set_count",
							"count": {
								"type": "minecraft:uniform",
								"min": 2,
								"max": 5
							},
							"add": false
						}
					]
				},
				{
					"type": "minecraft:item",
					"weight": 6,
					"name": "minecraft:feather",
					"functions": [
						{
							"function": "minecraft:set_count",
							"count": {
								"type": "minecraft:uniform",
								"min": 1,
								"max": 2
							},
							"add": false
						}
					]
				},
				{
					"type": "minecraft:item",
					"weight": 6,
					"name": "minecraft:flint",
					"functions": [
						{
							"function": "minecraft:set_count",
							"count": {
								"type": "minecraft:uniform",
								"min": 1,
								"max": 2
							},
							"add": false
						}
					]
				},
				{
					"type": "minecraft:item",
					"weight": 6,
					"name": "minecraft:stick",
					"functions": [
						{
							"function": "minecraft:set_count",
							"count": {
								"type": "minecraft:uniform",
								"min": 1,
								"max": 2
							},
							"add": false
						}
					]
				},
				{
					"type": "minecraft:item",
					"weight": 3,
					"name": "minecraft:bow",
					"functions": [
						{
							"function": "minecraft:set_damage",
							"damage": {
								"min": 0.4,
								"max": 0.9
							}
						}
					]
				},
				{
					"type": "minecraft:item",
					"weight": 4,
					"quality": 1,
					"name": "minecraft:book",
					"functions": [
						{
							"function": "minecraft:enchant_randomly",
							"options": [
								"minecraft:power",
								"minecraft:punch",
								"minecraft:flame",
								"minecraft:infinity",
								"minecraft:mending"
							]
						}
					]
				}
			]
		}
	]
}
