{
    "replace": false,
    "values": [
        "minecraft:dark_forest",
        "minecraft:windswept_forest",
        "minecraft:windswept_hills",
        "minecraft:jungle",
        "minecraft:swamp",
        "minecraft:mangrove_swamp",
        "minecraft:plains",
        {
            "id": "#c:is_forest",
            "required": false
        },
        {
            "id": "#c:is_hill",
            "required": false
        },
        {
            "id": "#c:is_swamp",
            "required": false
        },
        {
            "id": "#c:is_jungle",
            "required": false
        },
        {
            "id": "#c:is_plains",
            "required": false
        }
    ]
}
