{
    "replace": false,
    "values": [
        "minecraft:forest",
        "minecraft:dark_forest",
        "minecraft:flower_forest",
        "minecraft:old_growth_birch_forest",
        "minecraft:windswept_forest",
        "minecraft:cherry_grove",
        "minecraft:windswept_hills",
        "minecraft:taiga",
        "minecraft:snowy_taiga",
        "minecraft:jungle",
        "minecraft:plains",
        {
            "id": "#c:is_forest",
            "required": false
        },
        {
            "id": "#c:is_hill",
            "required": false
        },
        {
            "id": "#c:is_taiga",
            "required": false
        },
        {
            "id": "#c:is_jungle",
            "required": false
        },
        {
            "id": "#c:is_plains",
            "required": false
        }
    ]
}
