{
    "replace": false,
    "values": [
        "minecraft:dark_forest",
        "minecraft:old_growth_birch_forest",
        "minecraft:windswept_forest",
        "minecraft:jungle",
        "minecraft:flower_forest",
        "minecraft:forest",
        "minecraft:plains",
        {
            "id": "#c:is_forest",
            "required": false
        },
        {
            "id": "#c:is_jungle",
            "required": false
        },
        {
            "id": "#c:is_plains",
            "required": false
        }
    ]
}
