{
	"type": "minecraft:chest",
	"pools": [
		{
			"rolls": 1,
			"entries": []
		},
		{
			"rolls": 10,
			"entries": [
				{
					"type": "minecraft:item",
					"name": "minecraft:map",
					"weight": 3
				},
				{
					"type": "minecraft:item",
					"name": "minecraft:paper",
					"weight": 18,
					"functions": [
						{
							"function": "minecraft:set_count",
							"count": {
								"type": "minecraft:uniform",
								"min": 1,
								"max": 3
							}
						}
					]
				},
				{
					"type": "minecraft:item",
					"name": "minecraft:feather",
					"weight": 8,
					"functions": [
						{
							"function": "minecraft:set_count",
							"count": {
								"type": "minecraft:uniform",
								"min": 1,
								"max": 2
							}
						}
					]
				},
				{
					"type": "minecraft:item",
					"name": "minecraft:writable_book",
					"weight": 3
				},
				{
					"type": "minecraft:item",
					"name": "minecraft:book",
					"weight": 8,
					"functions": [
						{
							"function": "minecraft:set_count",
							"count": {
								"type": "minecraft:uniform",
								"min": 1,
								"max": 2
							}
						}
					]
				},
				{
					"type": "minecraft:item",
					"name": "minecraft:book",
					"weight": 2,
					"quality": 1,
					"functions": [
						{
							"function": "minecraft:enchant_with_levels",
							"levels": {
								"type": "minecraft:uniform",
								"min": 25,
								"max": 35
							},
							"options": "#minecraft:on_random_loot"
						}
					]
				}
			]
		},
		{
			"rolls": 1,
			"entries": [
				{
					"type": "minecraft:item",
					"name": "minecraft:ender_eye",
					"functions": [
						{
							"function": "minecraft:set_count",
							"count": {
								"type": "minecraft:uniform",
								"min": 1,
								"max": 4
							}
						}
					]
				}
			]
		}
	]
}
