{
	"condition": "minecraft:all_of",
	"terms": [
		{
			"condition": "minecraft:reference",
			"name": "stellarity:items/armor/shulker/wearing_helmet"
		},
		{
			"condition": "minecraft:reference",
			"name": "stellarity:items/armor/shulker/wearing_chestplate"
		},
		{
			"condition": "minecraft:reference",
			"name": "stellarity:items/armor/shulker/wearing_leggings"
		},
		{
			"condition": "minecraft:reference",
			"name": "stellarity:items/armor/shulker/wearing_boots"
		}
	]
}
