{
	"type": "minecraft:chest",
	"pools": [
		{
			"rolls": {
				"type": "minecraft:binomial",
				"n": 12,
				"p": 0.6
			},
			"entries": [
				{
					"type": "minecraft:item",
					"name": "minecraft:beetroot_seeds",
					"weight": 2
				},
				{
					"type": "minecraft:item",
					"name": "minecraft:wheat_seeds",
					"weight": 2
				},
				{
					"type": "minecraft:item",
					"name": "minecraft:melon_seeds",
					"weight": 2
				},
				{
					"type": "minecraft:item",
					"name": "minecraft:pumpkin_seeds",
					"weight": 2
				},
				{
					"type": "minecraft:item",
					"name": "minecraft:torchflower_seeds"
				},
				{
					"type": "minecraft:item",
					"name": "minecraft:pitcher_pod"
				}
			]
		}
	]
}
