{
	"pools": [
		{
			"rolls": {
				"min": 6,
				"max": 8
			},
			"entries": [
				{
					"type": "minecraft:item",
					"weight": 12,
					"name": "minecraft:sand",
					"functions": [
						{
							"function": "minecraft:set_count",
							"count": {
								"min": 6,
								"max": 10
							},
							"add": false
						}
					]
				},
				{
					"type": "minecraft:item",
					"weight": 9,
					"name": "minecraft:seagrass",
					"functions": [
						{
							"function": "minecraft:set_count",
							"count": {
								"min": 2,
								"max": 5
							},
							"add": false
						}
					]
				},
				{
					"type": "minecraft:item",
					"weight": 2,
					"name": "minecraft:turtle_scute",
					"functions": [
						{
							"function": "minecraft:set_count",
							"count": 1,
							"add": false
						}
					]
				},
				{
					"type": "minecraft:item",
					"weight": 8,
					"name": "minecraft:prismarine_shard",
					"functions": [
						{
							"function": "minecraft:set_count",
							"count":  {
								"min": 2,
								"max": 6
							},
							"add": false
						}
					]
				},
				{
					"type": "minecraft:item",
					"weight": 6,
					"name": "minecraft:prismarine_crystals",
					"functions": [
						{
							"function": "minecraft:set_count",
							"count":  {
								"min": 2,
								"max": 4
							},
							"add": false
						}
					]
				}
			]
		}
	]
}
