{
	"pools": [
		{
			"rolls": {
				"min": 6,
				"max": 8
			},
			"entries": [
				{
					"type": "minecraft:item",
					"weight": 18,
					"name": "minecraft:sand",
					"functions": [
						{
							"function": "minecraft:set_count",
							"count": {
								"min": 9,
								"max": 14
							},
							"add": false
						}
					]
				},
				{
					"type": "minecraft:item",
					"weight": 13,
					"name": "minecraft:sandstone",
					"functions": [
						{
							"function": "minecraft:set_count",
							"count": {
								"min": 5,
								"max": 9
							},
							"add": false
						}
					]
				},
				{
					"type": "minecraft:item",
					"weight": 11,
					"name": "minecraft:cactus",
					"functions": [
						{
							"function": "minecraft:set_count",
							"count": {
								"min": 1,
								"max": 2
							},
							"add": false
						}
					]
				},
				{
					"type": "minecraft:item",
					"weight": 13,
					"name": "minecraft:dead_bush",
					"functions": [
						{
							"function": "minecraft:set_count",
							"count": {
								"min": 1,
								"max": 2
							},
							"add": false
						}
					]
				},
				{
					"type": "minecraft:item",
					"weight": 12,
					"name": "minecraft:gunpowder",
					"functions": [
						{
							"function": "minecraft:set_count",
							"count": {
								"min": 1,
								"max": 4
							},
							"add": false
						}
					]
				},
				{
					"type": "minecraft:item",
					"weight": 12,
					"name": "minecraft:bone",
					"functions": [
						{
							"function": "minecraft:set_count",
							"count": {
								"min": 1,
								"max": 3
							},
							"add": false
						}
					]
				},
				{
					"type": "minecraft:item",
					"weight": 6,
					"name": "minecraft:green_dye",
					"functions": [
						{
							"function": "minecraft:set_count",
							"count": {
								"min": 2,
								"max": 3
							},
							"add": false
						}
					]
				},
				{
					"type": "minecraft:item",
					"weight": 6,
					"name": "minecraft:orange_dye",
					"functions": [
						{
							"function": "minecraft:set_count",
							"count": {
								"min": 2,
								"max": 3
							},
							"add": false
						}
					]
				},
				{
					"type": "minecraft:item",
					"weight": 6,
					"name": "minecraft:blue_dye",
					"functions": [
						{
							"function": "minecraft:set_count",
							"count": {
								"min": 2,
								"max": 3
							},
							"add": false
						}
					]
				}
			]
		}
	]
}
