{
	"pools": [
		{
			"rolls": {
				"min": 6,
				"max": 8
			},
			"entries": [
				{
					"type": "minecraft:item",
					"weight": 8,
					"name": "minecraft:short_grass",
					"functions": [
						{
							"function": "minecraft:set_count",
							"count": {
								"min": 4,
								"max": 9
							},
							"add": false
						}
					]
				},
				{
					"type": "minecraft:group",
					"children": [
						{
							"type": "minecraft:tag",
							"weight": 8,
							"name": "stellarity:pandoras_barrel/flowers/plains",
							"expand": true,
							"functions": [
								{
									"function": "minecraft:set_count",
									"count": {
										"min": 2,
										"max": 4
									},
									"add": false
								}
							],
							"conditions": [
								{
									"condition": "minecraft:any_of",
									"terms": [
										{
											"condition": "minecraft:location_check",
											"predicate": {
												"biomes": [
													"minecraft:plains",
													"minecraft:meadow"
												]
											}
										}
									]
								}
							]
						},
						{
							"type": "minecraft:tag",
							"weight": 10,
							"name": "stellarity:pandoras_barrel/flowers/sunflower_plains",
							"expand": true,
							"functions": [
								{
									"function": "minecraft:set_count",
									"count": {
										"min": 2,
										"max": 4
									},
									"add": false
								}
							],
							"conditions": [
								{
									"condition": "minecraft:location_check",
									"predicate": {
										"biomes": [
											"minecraft:sunflower_plains"
										]
									}
								}
							]
						}
					]
				},
				{
					"type": "minecraft:item",
					"weight": 4,
					"name": "minecraft:tall_grass",
					"functions": [
						{
							"function": "minecraft:set_count",
							"count": {
								"min": 3,
								"max": 6
							},
							"add": false
						}
					]
				}
			]
		}
	]
}