{
	"pools": [
		{
			"rolls": {
				"min": 0,
				"max": 3
			},
			"entries": [
				{
					"type": "minecraft:item",
					"name": "minecraft:bread",
					"functions": [
						{
							"function": "minecraft:set_count",
							"count": {
								"min": 0,
								"max": 2
							}
						}
					]
				},
				{
					"type": "minecraft:item",
					"name": "minecraft:apple",
					"weight": 2,
					"functions": [
						{
							"function": "minecraft:set_count",
							"count": {
								"min": 1,
								"max": 2
							}
						}
					]
				},
				{
					"type": "minecraft:item",
					"name": "minecraft:feather",
					"functions": [
						{
							"function": "minecraft:set_count",
							"count": {
								"min": 0,
								"max": 1
							}
						}
					]
				},
				{
					"type": "minecraft:item",
					"name": "minecraft:amethyst_shard",
					"quality": 1,
					"functions": [
						{
							"function": "minecraft:set_count",
							"count": {
								"min": 1,
								"max": 2
							}
						}
					]
				},
				{
					"type": "minecraft:item",
					"name": "minecraft:sugar",
					"functions": [
						{
							"function": "minecraft:set_count",
							"count": {
								"min": 1,
								"max": 2
							}
						}
					]
				}
			]
		},
		{
			"rolls": 1,
			"entries": [
				{
					"type": "minecraft:loot_table",
					"value": "irons_spellbooks:chests/additional_generic_loot"
				}
			]
		},
		{
			"rolls": 1,
			"entries": [
				{
					"type": "minecraft:item",
					"name": "dragonsurvival:heart_element",
					"conditions": [
						{
							"condition": "minecraft:random_chance",
							"chance": 0.5
						}
					]
				},
				{
					"type": "minecraft:item",
					"name": "dragonsurvival:weak_dragon_heart",
					"conditions": [
						{
							"condition": "minecraft:random_chance",
							"chance": 0.1
						}
					]
				},
				{
					"type": "minecraft:item",
					"name": "dragonsurvival:elder_dragon_heart",
					"conditions": [
						{
							"condition": "minecraft:random_chance",
							"chance": 0.01
						}
					]
				}
			]
		},
		{
			"rolls": 1,
			"conditions": [
				{
					"condition": "minecraft:random_chance",
					"chance": 0.5
				}
			],
			"entries": [
				{
					"type": "minecraft:item",
					"name": "terra_curio:shot_put"
				},
				{
					"type": "minecraft:item",
					"name": "terra_curio:flashlight"
				}
			]
		}
	]
}