{
	"pools": [
		{
			"rolls": 1,
			"entries": [
				{
					"type": "minecraft:alternatives",
					"children": [
						{
							"type": "minecraft:item",
							"name": "minecraft:end_stone",
							"functions": [
								{
									"function": "minecraft:set_attributes",
									"modifiers": [
										{
											"attribute": "minecraft:max_health",
											"id": "stellarity:pandoras_barrel_biome",
											"amount": -3,
											"operation": "add_value",
											"slot": "mainhand"
										}
									]
								}
							],
							"conditions": [
								{
									"condition": "minecraft:location_check",
									"predicate": {
										"dimension": "minecraft:the_end"
									}
								}
							]
						},
						{
							"type": "minecraft:item",
							"name": "minecraft:netherrack",
							"functions": [
								{
									"function": "minecraft:set_attributes",
									"modifiers": [
										{
											"attribute": "minecraft:max_health",
											"id": "stellarity:pandoras_barrel_biome",
											"amount": -2,
											"operation": "add_value",
											"slot": "mainhand"
										}
									]
								}
							],
							"conditions": [
								{
									"condition": "minecraft:location_check",
									"predicate": {
										"dimension": "minecraft:the_nether"
									}
								}
							]
						},
						{
							"type": "minecraft:item",
							"name": "minecraft:grass_block",
							"functions": [
								{
									"function": "minecraft:set_attributes",
									"modifiers": [
										{
											"attribute": "minecraft:max_health",
											"id": "stellarity:pandoras_barrel_biome",
											"amount": -1,
											"operation": "add_value",
											"slot": "mainhand"
										}
									]
								}
							],
							"conditions": [
								{
									"condition": "minecraft:location_check",
									"predicate": {
										"dimension": "minecraft:overworld"
									}
								}
							]
						},
						{
							"type": "minecraft:item",
							"name": "minecraft:stone",
							"functions": [
								{
									"function": "minecraft:set_attributes",
									"modifiers": [
										{
											"attribute": "minecraft:max_health",
											"id": "stellarity:pandoras_barrel_biome",
											"amount": -1,
											"operation": "add_value",
											"slot": "mainhand"
										}
									]
								}
							]
						}
					]
				}
			]
		}
	]
}
