{
  "pools": [
    {
      "rolls": 1,
      "entries": [
        {
          "type": "minecraft:item",
          "name": "minecraft:red_sandstone",
          "functions": [
            {
              "function": "minecraft:set_attributes",
              "modifiers": [
                {
                  "attribute": "minecraft:max_health",
                  "id": "stellarity:pandoras_barrel_biome",
                  "amount": 1,
                  "operation": "add_value",
                  "slot": "mainhand"
                }
              ]
            }
          ],
          "conditions": [
            {
              "condition": "minecraft:any_of",
              "terms": [
                {
                  "condition": "minecraft:location_check",
                  "predicate": {
                    "biomes": [
                      "minecraft:badlands",
                      "minecraft:eroded_badlands",
                      "minecraft:wooded_badlands"
                    ]
                  }
                }
              ]
            }
          ]
        },
        {
          "type": "minecraft:item",
          "name": "minecraft:sandstone",
          "functions": [
            {
              "function": "minecraft:set_attributes",
              "modifiers": [
                {
                  "attribute": "minecraft:max_health",
                  "id": "stellarity:pandoras_barrel_biome",
                  "amount": 2,
                  "operation": "add_value",
                  "slot": "mainhand"
                }
              ]
            }
          ],
          "conditions": [
            {
              "condition": "minecraft:any_of",
              "terms": [
                {
                  "condition": "minecraft:location_check",
                  "predicate": {
                    "biomes": [
                      "minecraft:desert"
                    ]
                  }
                }
              ]
            }
          ]
        },
        {
          "type": "minecraft:item",
          "name": "minecraft:oak_leaves",
          "functions": [
            {
              "function": "minecraft:set_attributes",
              "modifiers": [
                {
                  "attribute": "minecraft:max_health",
                  "id": "stellarity:pandoras_barrel_biome",
                  "amount": 3,
                  "operation": "add_value",
                  "slot": "mainhand"
                }
              ]
            }
          ],
          "conditions": [
            {
              "condition": "minecraft:any_of",
              "terms": [
                {
                  "condition": "minecraft:location_check",
                  "predicate": {
                    "biomes": [
                      "minecraft:forest"
                    ]
                  }
                }
              ]
            }
          ]
        },
        {
          "type": "minecraft:item",
          "name": "minecraft:spruce_leaves",
          "functions": [
            {
              "function": "minecraft:set_attributes",
              "modifiers": [
                {
                  "attribute": "minecraft:max_health",
                  "id": "stellarity:pandoras_barrel_biome",
                  "amount": 4,
                  "operation": "add_value",
                  "slot": "mainhand"
                }
              ]
            }
          ],
          "conditions": [
            {
              "condition": "minecraft:any_of",
              "terms": [
                {
                  "condition": "minecraft:location_check",
                  "predicate": {
                    "biomes": [
                      "minecraft:taiga",
                      "minecraft:old_growth_pine_taiga",
                      "minecraft:old_growth_spruce_taiga"
                    ]
                  }
                }
              ]
            }
          ]
        },
        {
          "type": "minecraft:item",
          "name": "minecraft:red_mushroom_block",
          "functions": [
            {
              "function": "minecraft:set_attributes",
              "modifiers": [
                {
                  "attribute": "minecraft:max_health",
                  "id": "stellarity:pandoras_barrel_biome",
                  "amount": 5,
                  "operation": "add_value",
                  "slot": "mainhand"
                }
              ]
            }
          ],
          "conditions": [
            {
              "condition": "minecraft:any_of",
              "terms": [
                {
                  "condition": "minecraft:location_check",
                  "predicate": {
                    "biomes": [
                      "minecraft:mushroom_fields"
                    ]
                  }
                }
              ]
            }
          ]
        },
        {
          "type": "minecraft:item",
          "name": "minecraft:prismarine",
          "functions": [
            {
              "function": "minecraft:set_attributes",
              "modifiers": [
                {
                  "attribute": "minecraft:max_health",
                  "id": "stellarity:pandoras_barrel_biome",
                  "amount": 6,
                  "operation": "add_value",
                  "slot": "mainhand"
                }
              ]
            }
          ],
          "conditions": [
            {
              "condition": "minecraft:any_of",
              "terms": [
                {
                  "condition": "minecraft:location_check",
                  "predicate": {
                    "biomes": [
                      "minecraft:cold_ocean",
                      "minecraft:deep_cold_ocean",
                      "minecraft:ocean",
                      "minecraft:deep_ocean",
                      "minecraft:frozen_ocean",
                      "minecraft:deep_frozen_ocean",
                      "minecraft:river"
                    ]
                  }
                }
              ]
            }
          ]
        },
        {
          "type": "minecraft:item",
          "name": "minecraft:horn_coral_block",
          "functions": [
            {
              "function": "minecraft:set_attributes",
              "modifiers": [
                {
                  "attribute": "minecraft:max_health",
                  "id": "stellarity:pandoras_barrel_biome",
                  "amount": 7,
                  "operation": "add_value",
                  "slot": "mainhand"
                }
              ]
            }
          ],
          "conditions": [
            {
              "condition": "minecraft:any_of",
              "terms": [
                {
                  "condition": "minecraft:location_check",
                  "predicate": {
                    "biomes": [
                      "minecraft:lukewarm_ocean",
                      "minecraft:deep_lukewarm_ocean",
                      "minecraft:warm_ocean"
                    ]
                  }
                }
              ]
            }
          ]
        },
        {
          "type": "minecraft:item",
          "name": "minecraft:acacia_leaves",
          "functions": [
            {
              "function": "minecraft:set_attributes",
              "modifiers": [
                {
                  "attribute": "minecraft:max_health",
                  "id": "stellarity:pandoras_barrel_biome",
                  "amount": 8,
                  "operation": "add_value",
                  "slot": "mainhand"
                }
              ]
            }
          ],
          "conditions": [
            {
              "condition": "minecraft:any_of",
              "terms": [
                {
                  "condition": "minecraft:location_check",
                  "predicate": {
                    "biomes": [
                      "minecraft:savanna",
                      "minecraft:savanna_plateau",
                      "minecraft:windswept_savanna"
                    ]
                  }
                }
              ]
            }
          ]
        },
        {
          "type": "minecraft:item",
          "name": "minecraft:stone",
          "functions": [
            {
              "function": "minecraft:set_attributes",
              "modifiers": [
                {
                  "attribute": "minecraft:max_health",
                  "id": "stellarity:pandoras_barrel_biome",
                  "amount": 9,
                  "operation": "add_value",
                  "slot": "mainhand"
                }
              ]
            }
          ],
          "conditions": [
            {
              "condition": "minecraft:any_of",
              "terms": [
                {
                  "condition": "minecraft:location_check",
                  "predicate": {
                    "biomes": [
                      "minecraft:windswept_hills",
                      "minecraft:windswept_forest",
                      "minecraft:windswept_gravelly_hills",
                      "minecraft:stony_shore",
                      "minecraft:stony_peaks"
                    ]
                  }
                }
              ]
            }
          ]
        },
        {
          "type": "minecraft:item",
          "name": "minecraft:snow_block",
          "functions": [
            {
              "function": "minecraft:set_attributes",
              "modifiers": [
                {
                  "attribute": "minecraft:max_health",
                  "id": "stellarity:pandoras_barrel_biome",
                  "amount": 10,
                  "operation": "add_value",
                  "slot": "mainhand"
                }
              ]
            }
          ],
          "conditions": [
            {
              "condition": "minecraft:any_of",
              "terms": [
                {
                  "condition": "minecraft:location_check",
                  "predicate": {
                    "biomes": [
                      "minecraft:frozen_peaks",
                      "minecraft:frozen_river",
                      "minecraft:snowy_plains",
                      "minecraft:ice_spikes",
                      "minecraft:snowy_taiga",
                      "minecraft:jagged_peaks",
                      "minecraft:snowy_slopes",
                      "minecraft:grove"
                    ]
                  }
                }
              ]
            }
          ]
        },
        {
          "type": "minecraft:item",
          "name": "minecraft:dripstone_block",
          "functions": [
            {
              "function": "minecraft:set_attributes",
              "modifiers": [
                {
                  "attribute": "minecraft:max_health",
                  "id": "stellarity:pandoras_barrel_biome",
                  "amount": 11,
                  "operation": "add_value",
                  "slot": "mainhand"
                }
              ]
            }
          ],
          "conditions": [
            {
              "condition": "minecraft:any_of",
              "terms": [
                {
                  "condition": "minecraft:location_check",
                  "predicate": {
                    "biomes": [
                      "minecraft:dripstone_caves"
                    ]
                  }
                }
              ]
            }
          ]
        },
        {
          "type": "minecraft:item",
          "name": "minecraft:moss_block",
          "functions": [
            {
              "function": "minecraft:set_attributes",
              "modifiers": [
                {
                  "attribute": "minecraft:max_health",
                  "id": "stellarity:pandoras_barrel_biome",
                  "amount": 12,
                  "operation": "add_value",
                  "slot": "mainhand"
                }
              ]
            }
          ],
          "conditions": [
            {
              "condition": "minecraft:any_of",
              "terms": [
                {
                  "condition": "minecraft:location_check",
                  "predicate": {
                    "biomes": [
                      "minecraft:lush_caves"
                    ]
                  }
                }
              ]
            }
          ]
        },
        {
          "type": "minecraft:item",
          "name": "minecraft:grass_block",
          "functions": [
            {
              "function": "minecraft:set_attributes",
              "modifiers": [
                {
                  "attribute": "minecraft:max_health",
                  "id": "stellarity:pandoras_barrel_biome",
                  "amount": 13,
                  "operation": "add_value",
                  "slot": "mainhand"
                }
              ]
            }
          ],
          "conditions": [
            {
              "condition": "minecraft:any_of",
              "terms": [
                {
                  "condition": "minecraft:location_check",
                  "predicate": {
                    "biomes": [
                      "minecraft:meadow",
                      "minecraft:plains",
                      "minecraft:sunflower_plains"
                    ]
                  }
                }
              ]
            }
          ]
        },
        {
          "type": "minecraft:item",
          "name": "minecraft:honey_block",
          "functions": [
            {
              "function": "minecraft:set_attributes",
              "modifiers": [
                {
                  "attribute": "minecraft:max_health",
                  "id": "stellarity:pandoras_barrel_biome",
                  "amount": 14,
                  "operation": "add_value",
                  "slot": "mainhand"
                }
              ]
            }
          ],
          "conditions": [
            {
              "condition": "minecraft:any_of",
              "terms": [
                {
                  "condition": "minecraft:location_check",
                  "predicate": {
                    "biomes": [
                      "minecraft:flower_forest"
                    ]
                  }
                }
              ]
            }
          ]
        },
        {
          "type": "minecraft:item",
          "name": "minecraft:jungle_leaves",
          "functions": [
            {
              "function": "minecraft:set_attributes",
              "modifiers": [
                {
                  "attribute": "minecraft:max_health",
                  "id": "stellarity:pandoras_barrel_biome",
                  "amount": 15,
                  "operation": "add_value",
                  "slot": "mainhand"
                }
              ]
            }
          ],
          "conditions": [
            {
              "condition": "minecraft:any_of",
              "terms": [
                {
                  "condition": "minecraft:location_check",
                  "predicate": {
                    "biomes": [
                      "minecraft:jungle",
                      "minecraft:bamboo_jungle",
                      "minecraft:sparse_jungle"
                    ]
                  }
                }
              ]
            }
          ]
        },
        {
          "type": "minecraft:item",
          "name": "minecraft:birch_leaves",
          "functions": [
            {
              "function": "minecraft:set_attributes",
              "modifiers": [
                {
                  "attribute": "minecraft:max_health",
                  "id": "stellarity:pandoras_barrel_biome",
                  "amount": 16,
                  "operation": "add_value",
                  "slot": "mainhand"
                }
              ]
            }
          ],
          "conditions": [
            {
              "condition": "minecraft:any_of",
              "terms": [
                {
                  "condition": "minecraft:location_check",
                  "predicate": {
                    "biomes": [
                      "minecraft:birch_forest",
                      "minecraft:old_growth_birch_forest"
                    ]
                  }
                }
              ]
            }
          ]
        },
        {
          "type": "minecraft:item",
          "name": "minecraft:sand",
          "functions": [
            {
              "function": "minecraft:set_attributes",
              "modifiers": [
                {
                  "attribute": "minecraft:max_health",
                  "id": "stellarity:pandoras_barrel_biome",
                  "amount": 17,
                  "operation": "add_value",
                  "slot": "mainhand"
                }
              ]
            }
          ],
          "conditions": [
            {
              "condition": "minecraft:any_of",
              "terms": [
                {
                  "condition": "minecraft:location_check",
                  "predicate": {
                    "biomes": [
                      "minecraft:beach"
                    ]
                  }
                }
              ]
            }
          ]
        },
        {
          "type": "minecraft:item",
          "name": "minecraft:mangrove_leaves",
          "functions": [
            {
              "function": "minecraft:set_attributes",
              "modifiers": [
                {
                  "attribute": "minecraft:max_health",
                  "id": "stellarity:pandoras_barrel_biome",
                  "amount": 18,
                  "operation": "add_value",
                  "slot": "mainhand"
                }
              ]
            }
          ],
          "conditions": [
            {
              "condition": "minecraft:any_of",
              "terms": [
                {
                  "condition": "minecraft:location_check",
                  "predicate": {
                    "biomes": [
                      "minecraft:swamp",
                      "minecraft:mangrove_swamp"
                    ]
                  }
                }
              ]
            }
          ]
        },
        {
          "type": "minecraft:item",
          "name": "minecraft:sculk",
          "functions": [
            {
              "function": "minecraft:set_attributes",
              "modifiers": [
                {
                  "attribute": "minecraft:max_health",
                  "id": "stellarity:pandoras_barrel_biome",
                  "amount": 19,
                  "operation": "add_value",
                  "slot": "mainhand"
                }
              ]
            }
          ],
          "conditions": [
            {
              "condition": "minecraft:any_of",
              "terms": [
                {
                  "condition": "minecraft:location_check",
                  "predicate": {
                    "biomes": [
                      "minecraft:deep_dark"
                    ]
                  }
                }
              ]
            }
          ]
        },
        {
          "type": "minecraft:item",
          "name": "minecraft:cherry_leaves",
          "functions": [
            {
              "function": "minecraft:set_attributes",
              "modifiers": [
                {
                  "attribute": "minecraft:max_health",
                  "id": "stellarity:pandoras_barrel_biome",
                  "amount": 20,
                  "operation": "add_value",
                  "slot": "mainhand"
                }
              ]
            }
          ],
          "conditions": [
            {
              "condition": "minecraft:any_of",
              "terms": [
                {
                  "condition": "minecraft:location_check",
                  "predicate": {
                    "biomes": [
                      "minecraft:cherry_grove"
                    ]
                  }
                }
              ]
            }
          ]
        },
        {
          "type": "minecraft:item",
          "name": "minecraft:netherrack",
          "functions": [
            {
              "function": "minecraft:set_attributes",
              "modifiers": [
                {
                  "attribute": "minecraft:max_health",
                  "id": "stellarity:pandoras_barrel_biome",
                  "amount": -10,
                  "operation": "add_value",
                  "slot": "mainhand"
                }
              ]
            }
          ],
          "conditions": [
            {
              "condition": "minecraft:any_of",
              "terms": [
                {
                  "condition": "minecraft:location_check",
                  "predicate": {
                    "biomes": [
                      "minecraft:nether_wastes"
                    ]
                  }
                }
              ]
            }
          ]
        },
        {
          "type": "minecraft:item",
          "name": "minecraft:nether_wart_block",
          "functions": [
            {
              "function": "minecraft:set_attributes",
              "modifiers": [
                {
                  "attribute": "minecraft:max_health",
                  "id": "stellarity:pandoras_barrel_biome",
                  "amount": -11,
                  "operation": "add_value",
                  "slot": "mainhand"
                }
              ]
            }
          ],
          "conditions": [
            {
              "condition": "minecraft:any_of",
              "terms": [
                {
                  "condition": "minecraft:location_check",
                  "predicate": {
                    "biomes": [
                      "minecraft:crimson_forest"
                    ]
                  }
                }
              ]
            }
          ]
        },
        {
          "type": "minecraft:item",
          "name": "minecraft:warped_wart_block",
          "functions": [
            {
              "function": "minecraft:set_attributes",
              "modifiers": [
                {
                  "attribute": "minecraft:max_health",
                  "id": "stellarity:pandoras_barrel_biome",
                  "amount": -12,
                  "operation": "add_value",
                  "slot": "mainhand"
                }
              ]
            }
          ],
          "conditions": [
            {
              "condition": "minecraft:any_of",
              "terms": [
                {
                  "condition": "minecraft:location_check",
                  "predicate": {
                    "biomes": [
                      "minecraft:warped_forest"
                    ]
                  }
                }
              ]
            }
          ]
        },
        {
          "type": "minecraft:item",
          "name": "minecraft:soul_sand",
          "functions": [
            {
              "function": "minecraft:set_attributes",
              "modifiers": [
                {
                  "attribute": "minecraft:max_health",
                  "id": "stellarity:pandoras_barrel_biome",
                  "amount": -13,
                  "operation": "add_value",
                  "slot": "mainhand"
                }
              ]
            }
          ],
          "conditions": [
            {
              "condition": "minecraft:any_of",
              "terms": [
                {
                  "condition": "minecraft:location_check",
                  "predicate": {
                    "biomes": [
                      "minecraft:soul_sand_valley"
                    ]
                  }
                }
              ]
            }
          ]
        },
        {
          "type": "minecraft:item",
          "name": "minecraft:basalt",
          "functions": [
            {
              "function": "minecraft:set_attributes",
              "modifiers": [
                {
                  "attribute": "minecraft:max_health",
                  "id": "stellarity:pandoras_barrel_biome",
                  "amount": -14,
                  "operation": "add_value",
                  "slot": "mainhand"
                }
              ]
            }
          ],
          "conditions": [
            {
              "condition": "minecraft:any_of",
              "terms": [
                {
                  "condition": "minecraft:location_check",
                  "predicate": {
                    "biomes": [
                      "minecraft:basalt_deltas"
                    ]
                  }
                }
              ]
            }
          ]
        }
      ]
    }
  ]
}