{
	"pools": [
		{
			"rolls": {
				"min": 1,
				"max": 3
			},
			"entries": [
				{
					"type": "minecraft:item",
					"weight": 2,
					"name": "minecraft:stick"
				},
				{
					"type": "minecraft:item",
					"weight": 2,
					"name": "minecraft:bone"
				},
				{
					"type": "minecraft:item",
					"weight": 1,
					"name": "minecraft:egg"
				},
				{
					"type": "minecraft:item",
					"weight": 1,
					"name": "minecraft:book"
				},
				{
					"type": "minecraft:item",
					"weight": 2,
					"name": "minecraft:flint"
				},
				{
					"type": "minecraft:item",
					"weight": 2,
					"name": "minecraft:feather"
				},
				{
					"type": "minecraft:item",
					"weight": 1,
					"name": "minecraft:wheat"
				},
				{
					"type": "minecraft:item",
					"weight": 2,
					"name": "minecraft:string"
				},
				{
					"type": "minecraft:item",
					"weight": 1,
					"name": "minecraft:charcoal"
				},
				{
					"type": "minecraft:item",
					"weight": 1,
					"name": "minecraft:iron_nugget"
				},
				{
					"type": "minecraft:item",
					"weight": 1,
					"name": "minecraft:bowl"
				},
				{
					"type": "minecraft:item",
					"weight": 2,
					"name": "minecraft:rabbit_hide"
				},
				{
					"type": "minecraft:item",
					"weight": 2,
					"name": "minecraft:leather"
				},
				{
					"type": "minecraft:item",
					"weight": 2,
					"name": "minecraft:paper"
				},
				{
					"type": "minecraft:item",
					"weight": 1,
					"name": "minecraft:glass_bottle"
				},
				{
					"type": "minecraft:item",
					"weight": 1,
					"name": "minecraft:brown_mushroom"
				},
				{
					"type": "minecraft:item",
					"weight": 1,
					"quality": 1,
					"name": "minecraft:quartz"
				},
				{
					"type": "minecraft:item",
					"weight": 1,
					"quality": 1,
					"name": "minecraft:arrow"
				},
				{
					"type": "minecraft:item",
					"weight": 1,
					"name": "minecraft:clay_ball"
				},
				{
					"type": "minecraft:item",
					"weight": 1,
					"name": "minecraft:brick"
				},
				{
					"type": "minecraft:item",
					"weight": 1,
					"name": "minecraft:coal"
				},
				{
					"type": "minecraft:item",
					"weight": 1,
					"name": "minecraft:tripwire_hook"
				}
			],
			"functions": [
				{
					"function": "minecraft:set_count",
					"count": {
						"min": 0,
						"max": 2
					},
					"add": false
				}
			]
		},
		{
			"rolls": {
				"min": -3,
				"max": 1
			},
			"entries": [
				{
					"type": "minecraft:item",
					"weight": 1,
					"name": "minecraft:leather_helmet",
					"functions": [
						{
							"function": "minecraft:set_damage",
							"damage": {
								"min": 0.05,
								"max": 0.25
							}
						}
					]
				},
				{
					"type": "minecraft:item",
					"weight": 1,
					"name": "minecraft:leather_boots",
					"functions": [
						{
							"function": "minecraft:set_damage",
							"damage": {
								"min": 0.05,
								"max": 0.25
							}
						}
					]
				},
				{
					"type": "minecraft:item",
					"weight": 1,
					"name": "minecraft:leather_chestplate",
					"functions": [
						{
							"function": "minecraft:set_damage",
							"damage": {
								"min": 0.05,
								"max": 0.25
							}
						}
					]
				},
				{
					"type": "minecraft:item",
					"weight": 1,
					"name": "minecraft:leather_leggings",
					"functions": [
						{
							"function": "minecraft:set_damage",
							"damage": {
								"min": 0.05,
								"max": 0.25
							}
						}
					]
				},
				{
					"type": "minecraft:item",
					"weight": 2,
					"name": "minecraft:iron_axe",
					"functions": [
						{
							"function": "minecraft:set_damage",
							"damage": {
								"min": 0.05,
								"max": 0.25
							}
						}
					]
				},
				{
					"type": "minecraft:item",
					"weight": 2,
					"name": "minecraft:fishing_rod",
					"functions": [
						{
							"function": "minecraft:set_damage",
							"damage": {
								"min": 0.05,
								"max": 0.25
							}
						}
					]
				}
			]
		},
		{
			"rolls": {
				"min": 2,
				"max": 3
			},
			"entries": [
				{
					"type": "minecraft:item",
					"weight": 1,
					"name": "minecraft:smooth_stone_slab"
				},
				{
					"type": "minecraft:item",
					"weight": 1,
					"name": "minecraft:stone_slab"
				},
				{
					"type": "minecraft:item",
					"weight": 1,
					"name": "minecraft:cobblestone_slab"
				},
				{
					"type": "minecraft:item",
					"weight": 1,
					"name": "minecraft:white_wool"
				},
				{
					"type": "minecraft:item",
					"weight": 1,
					"name": "minecraft:cyan_wool"
				},
				{
					"type": "minecraft:item",
					"weight": 1,
					"name": "minecraft:black_wool"
				},
				{
					"type": "minecraft:item",
					"weight": 1,
					"name": "minecraft:oak_log"
				},
				{
					"type": "minecraft:item",
					"weight": 1,
					"name": "minecraft:spruce_log"
				},
				{
					"type": "minecraft:item",
					"weight": 1,
					"name": "minecraft:dark_oak_log"
				},
				{
					"type": "minecraft:item",
					"weight": 1,
					"name": "minecraft:stripped_oak_log"
				},
				{
					"type": "minecraft:item",
					"weight": 1,
					"name": "minecraft:stripped_spruce_log"
				},
				{
					"type": "minecraft:item",
					"weight": 1,
					"name": "minecraft:stripped_dark_oak_log"
				},
				{
					"type": "minecraft:item",
					"weight": 1,
					"name": "minecraft:cobblestone"
				},
				{
					"type": "minecraft:item",
					"weight": 1,
					"name": "minecraft:dirt"
				},
				{
					"type": "minecraft:item",
					"weight": 1,
					"name": "minecraft:coarse_dirt"
				},
				{
					"type": "minecraft:item",
					"weight": 1,
					"name": "minecraft:wheat_seeds"
				},
				{
					"type": "minecraft:item",
					"weight": 1,
					"name": "minecraft:oak_planks"
				},
				{
					"type": "minecraft:item",
					"weight": 1,
					"name": "minecraft:spruce_planks"
				},
				{
					"type": "minecraft:item",
					"weight": 1,
					"name": "minecraft:dark_oak_planks"
				}
			],
			"functions": [
				{
					"function": "minecraft:set_count",
					"count": {
						"min": 0,
						"max": 1
					}
				}
			]
		},
		{
			"rolls": 1,
			"entries": [
				{
					"type": "minecraft:loot_table",
					"value": "irons_spellbooks:chests/additional_generic_loot"
				}
			]
		},
		{
			"rolls": 1,
			"entries": [
				{
					"type": "minecraft:item",
					"name": "dragonsurvival:heart_element",
					"conditions": [
						{
							"condition": "minecraft:random_chance",
							"chance": 0.5
						}
					]
				},
				{
					"type": "minecraft:item",
					"name": "dragonsurvival:weak_dragon_heart",
					"conditions": [
						{
							"condition": "minecraft:random_chance",
							"chance": 0.1
						}
					]
				},
				{
					"type": "minecraft:item",
					"name": "dragonsurvival:elder_dragon_heart",
					"conditions": [
						{
							"condition": "minecraft:random_chance",
							"chance": 0.01
						}
					]
				}
			]
		},
		{
			"rolls": 1,
			"conditions": [
				{
					"condition": "minecraft:random_chance",
					"chance": 0.5
				}
			],
			"entries": [
				{
					"type": "minecraft:item",
					"name": "terra_curio:shot_put"
				},
				{
					"type": "minecraft:item",
					"name": "terra_curio:flashlight"
				}
			]
		}
	]
}