{
	"type": "minecraft:chest",
	"pools": [
		{
			"rolls": {
				"min": 2,
				"max": 3
			},
			"entries": [
				{
					"type": "minecraft:item",
					"name": "minecraft:red_candle",
					"functions": [
						{
							"function": "minecraft:set_count",
							"count": {
								"min": 1,
								"max": 3
							},
							"add": true
						}
					]
				},
				{
					"type": "minecraft:item",
					"name": "minecraft:black_candle",
					"functions": [
						{
							"function": "minecraft:set_count",
							"count": {
								"min": 1,
								"max": 3
							},
							"add": true
						}
					]
				},
				{
					"type": "minecraft:item",
					"name": "minecraft:candle",
					"functions": [
						{
							"function": "minecraft:set_count",
							"count": {
								"min": 1,
								"max": 3
							},
							"add": true
						}
					]
				}
			]
		},
		{
			"rolls": 1,
			"entries": [
				{
					"type": "minecraft:item",
					"name": "minecraft:book",
					"weight": 4,
					"functions": [
						{
							"function": "minecraft:set_count",
							"count": {
								"min": 1,
								"max": 2
							}
						}
					]
				},
				{
					"type": "minecraft:item",
					"name": "minecraft:book",
					"weight": 1,
					"functions": [
						{
							"function": "minecraft:enchant_randomly",
							"options": [
								"minecraft:binding_curse",
								"minecraft:vanishing_curse"
							]
						}
					]
				}
			]
		},
		{
			"rolls": {
				"min": 0,
				"max": 1
			},
			"entries": [
				{
					"type": "minecraft:item",
					"name": "minecraft:flint_and_steel",
					"functions": [
						{
							"function": "minecraft:set_damage",
							"damage": {
								"min": 0.17,
								"max": 0.5
							}
						}
					]
				}
			]
		},
		{
			"rolls": 1,
			"entries": [
				{
					"type": "minecraft:loot_table",
					"value": "irons_spellbooks:chests/additional_generic_loot"
				}
			]
		},
		{
			"rolls": 1,
			"entries": [
				{
					"type": "minecraft:item",
					"name": "dragonsurvival:heart_element",
					"conditions": [
						{
							"condition": "minecraft:random_chance",
							"chance": 0.5
						}
					]
				},
				{
					"type": "minecraft:item",
					"name": "dragonsurvival:weak_dragon_heart",
					"conditions": [
						{
							"condition": "minecraft:random_chance",
							"chance": 0.1
						}
					]
				},
				{
					"type": "minecraft:item",
					"name": "dragonsurvival:elder_dragon_heart",
					"conditions": [
						{
							"condition": "minecraft:random_chance",
							"chance": 0.01
						}
					]
				}
			]
		},
		{
			"rolls": 1,
			"conditions": [
				{
					"condition": "minecraft:random_chance",
					"chance": 0.5
				}
			],
			"entries": [
				{
					"type": "minecraft:item",
					"name": "terra_curio:shot_put"
				},
				{
					"type": "minecraft:item",
					"name": "terra_curio:flashlight"
				}
			]
		}
	]
}