{
	"type": "minecraft:chest",
	"pools": [
		{
			"rolls": {
				"type": "minecraft:uniform",
				"min": 2,
				"max": 4
			},
			"bonus_rolls": 0,
			"entries": [
				{
					"type": "minecraft:item",
					"name": "minecraft:gold_nugget",
					"functions": [
						{
							"function": "minecraft:set_count",
							"count": {
								"type": "minecraft:uniform",
								"min": 1,
								"max": 3
							},
							"add": false
						}
					]
				},
				{
					"type": "minecraft:item",
					"name": "minecraft:dandelion",
					"weight": 2
				},
				{
					"type": "minecraft:item",
					"name": "minecraft:poppy"
				},
				{
					"type": "minecraft:item",
					"name": "minecraft:potato",
					"weight": 10,
					"functions": [
						{
							"function": "minecraft:set_count",
							"count": {
								"type": "minecraft:uniform",
								"min": 1,
								"max": 2
							},
							"add": false
						}
					]
				},
				{
					"type": "minecraft:item",
					"name": "minecraft:bread",
					"weight": 10
				},
				{
					"type": "minecraft:item",
					"name": "minecraft:apple",
					"weight": 10,
					"functions": [
						{
							"function": "minecraft:set_count",
							"count": {
								"type": "minecraft:uniform",
								"min": 1,
								"max": 2
							},
							"add": false
						}
					]
				},
				{
					"type": "minecraft:item",
					"name": "minecraft:book"
				},
				{
					"type": "minecraft:item",
					"name": "minecraft:feather"
				},
				{
					"type": "minecraft:item",
					"name": "minecraft:emerald",
					"weight": 2,
					"functions": [
						{
							"function": "minecraft:set_count",
							"count": {
								"type": "minecraft:uniform",
								"min": 1,
								"max": 2
							},
							"add": false
						}
					]
				},
				{
					"type": "minecraft:item",
					"name": "minecraft:dark_oak_sapling",
					"weight": 5,
					"functions": [
						{
							"function": "minecraft:set_count",
							"count": {
								"type": "minecraft:uniform",
								"min": 1,
								"max": 2
							},
							"add": false
						}
					]
				}
			]
		},
		{
			"rolls": 1,
			"entries": [
				{
					"type": "minecraft:loot_table",
					"value": "irons_spellbooks:chests/additional_generic_loot"
				}
			]
		},
		{
			"rolls": 1,
			"entries": [
				{
					"type": "minecraft:item",
					"name": "dragonsurvival:heart_element",
					"conditions": [
						{
							"condition": "minecraft:random_chance",
							"chance": 0.5
						}
					]
				},
				{
					"type": "minecraft:item",
					"name": "dragonsurvival:weak_dragon_heart",
					"conditions": [
						{
							"condition": "minecraft:random_chance",
							"chance": 0.1
						}
					]
				},
				{
					"type": "minecraft:item",
					"name": "dragonsurvival:elder_dragon_heart",
					"conditions": [
						{
							"condition": "minecraft:random_chance",
							"chance": 0.01
						}
					]
				}
			]
		},
		{
			"rolls": 1,
			"conditions": [
				{
					"condition": "minecraft:random_chance",
					"chance": 0.5
				}
			],
			"entries": [
				{
					"type": "minecraft:item",
					"name": "terra_curio:shot_put"
				},
				{
					"type": "minecraft:item",
					"name": "terra_curio:flashlight"
				}
			]
		}
	]
}