{
	"condition": "minecraft:any_of",
	"terms": [
		{
			"condition": "minecraft:all_of",
			"terms": [
				{
					"condition": "minecraft:entity_properties",
					"entity": "this",
					"predicate": {
						"equipment": {
							"mainhand": {
								"items": [
									"minecraft:crossbow"
								],
								"components": {
									"minecraft:custom_data": "{stellarity.special_item:\"clockwork_crossbow\"}"
								}
							}
						}
					}
				},
				{
					"condition": "minecraft:inverted",
					"term": {
						"condition": "minecraft:entity_properties",
						"entity": "this",
						"predicate": {
							"equipment": {
								"mainhand": {
									"predicates": {
										"minecraft:enchantments": [
											{
												"enchantments": "minecraft:quick_charge"
											}
										]
									}
								}
							}
						}
					}
				}
			]
		},
		{
			"condition": "minecraft:all_of",
			"terms": [
				{
					"condition": "minecraft:entity_properties",
					"entity": "this",
					"predicate": {
						"equipment": {
							"offhand": {
								"items": [
									"minecraft:crossbow"
								],
								"components": {
									"minecraft:custom_data": "{stellarity.special_item:\"clockwork_crossbow\"}"
								}
							}
						}
					}
				},
				{
					"condition": "minecraft:inverted",
					"term": {
						"condition": "minecraft:entity_properties",
						"entity": "this",
						"predicate": {
							"equipment": {
								"offhand": {
									"predicates": {
										"minecraft:enchantments": [
											{
												"enchantments": "minecraft:quick_charge"
											}
										]
									}
								}
							}
						}
					}
				}
			]
		}
	]
}
