{
    "parent": "item/handheld_rod",
    "textures": {
        "layer0": "item/gun/jijifujiji_gun_police"
    },
	"display": {
		"thirdperson_righthand": {
			"rotation": [-100, -60, -120],
			"translation": [0, 2, 6],
			"scale": [0.7, 0.7, 0.7]
		},
		"firstperson_righthand": {
			"rotation": [180, -50, 190],
			"translation": [-2, 4, -0.5],
			"scale": [1, 1, 1]
		},
		"gui": {
			"rotation": [-180, -180, -90],
			"scale": [0.9, 0.9, 1]
		},
		"head": {
			"rotation": [-90, -180, -90],
			"translation": [0, 0, 0],
			"scale": [0.5, 0.5, 0.5]
		}
	}
}