{
    "criteria": {
        "break_fur_normal": {
            "trigger": "player_interacted_with_entity",
            "conditions": {
                "entity": [
                    {
                        "condition": "entity_properties",
                        "entity": "this",
                        "predicate": {
                            "type": "interaction",
                            "nbt": "{Tags:[\"jijifujiji_chair\"]}"
                        }
                    }
                ]
            }
        }
    },
    "rewards": {
        "function": "liar_bar:2_interact/1_sit"
    }
}