{
  "pools": [
    {
      "rolls": {
        "min": -1,
        "max": 1
      },
      "entries": [
        {
          "type": "minecraft:item",
          "name": "minecraft:fishing_rod",
          "functions": [
            {
              "function": "minecraft:enchant_with_levels",
              "levels": {
                "type": "minecraft:uniform",
                "min": 15,
                "max": 25
              },
              "options": "#minecraft:on_random_loot"
            }
          ]
        },
        {
          "type": "minecraft:item",
          "name": "minecraft:water_bucket"
        }
      ]
    },
    {
      "rolls": {
        "type": "minecraft:binomial",
        "n": 8,
        "p": 0.7
      },
      "entries": [
        {
          "type": "minecraft:item",
          "name": "minecraft:seagrass"
        }
      ]
    }
  ]
}