{
	"pools": [
		{
			"rolls": 1,
			"entries": [
				{
					"type": "minecraft:item",
					"name": "minecraft:player_head",
					"functions": [
						{
							"function": "minecraft:set_components",
							"components": {
								"minecraft:profile": {
									"id": [-1642200877,1053835863,-1691368959,1864103193]
								},
								"minecraft:custom_data": "{stellarity.head_id:54,stellarity.special_item:\"treasure_head\"}"
							}
						},
						{
							"function": "minecraft:set_lore",	
							"mode": "replace_all",
							"entity": "this",
							"lore": [
								{
									"text": "'I'M DYING AGHH, also why do i smell toasts?'",
									"color": "#9D9D9D",
									"italic": false
								}
							]
						}
					]
				}
            ]
		},
        {
			"rolls": 1,
			"entries": [
                {
					"type": "minecraft:item",
					"name": "minecraft:player_head",
					"functions": [
						{
							"function": "minecraft:set_components",
							"components": {
								"minecraft:profile": {
									"name": "TheTechnoFakerz",
									"id": [
										560947704,
										-1562424989,
										-1894275595,
										-546367270
									],
									"properties": [
										{
											"name": "textures",
											"value": "eyJ0ZXh0dXJlcyI6eyJTS0lOIjp7InVybCI6Imh0dHA6Ly90ZXh0dXJlcy5taW5lY3JhZnQubmV0L3RleHR1cmUvZmUwYmQ1M2MyOGU0NWY3OTk3OTZhZjI1NjgxNzM2M2Y5NTZkMjkzZDVlOTNhZDAzZTNiNjc1NDhjOGY2MGNjMiJ9fX0="
										}
									]
								},
								"minecraft:custom_data": "{stellarity.head_id:55,stellarity.special_item:\"treasure_head\"}"
							}
						},
						{
							"function": "minecraft:set_lore",	
							"mode": "replace_all",
							"entity": "this",
							"lore": [
								{
									"text": "'Are you dead yet , i need to eat toasts.'",
									"color": "#9D9D9D",
									"italic": false
								}
							]
						}
					]
				}
            ]
		}
	]
}
