{
	"pools": [
		{
			"rolls": 1,
			"entries": [
				{
					"type": "minecraft:item",
					"name": "minecraft:player_head",
					"functions": [
						{
							"function": "minecraft:set_components",
							"components": {
								"minecraft:profile": {
									"id": [2076954665,1510165184,-1089779501,1499102850]
								},
								"minecraft:custom_data": "{stellarity.head_id:1,stellarity.special_item:\"treasure_head\"}"
							}
						},
						{
							"function": "minecraft:set_lore",	
							"mode": "replace_all",
							"entity": "this",
							"lore": [
								{
									"text": "'Don't do worldgen, kids.'",
									"color": "#9D9D9D",
									"italic": false
								}
							]
						}
					]
				},
				{
					"type": "minecraft:item",
					"name": "minecraft:player_head",
					"functions": [
						{
							"function": "minecraft:set_components",
							"components": {
								"minecraft:profile": {
									"id": [-1313431234,2047230377,-2121722025,-2028170220]
								},
								"minecraft:custom_data": "{stellarity.head_id:2,stellarity.special_item:\"treasure_head\"}"
							}
						},
						{
							"function": "minecraft:set_lore",	
							"mode": "replace_all",
							"entity": "this",
							"lore": [
								{
									"text": "'downloading this was your last mistake'",
									"color": "#9D9D9D",
									"italic": false
								}
							]
						}
					]
				},
				{
					"type": "minecraft:item",
					"name": "minecraft:player_head",
					"functions": [
						{
							"function": "minecraft:set_components",
							"components": {
								"minecraft:profile": {
									"id": [-1313431234,2047230377,-2121722025,-2028170220]
								},
								"minecraft:custom_data": "{stellarity.head_id:3,stellarity.special_item:\"treasure_head\"}"
							}
						},
						{
							"function": "minecraft:set_lore",	
							"mode": "replace_all",
							"entity": "this",
							"lore": [
								{
									"text": "'nah, i'm feeling fabulous!'",
									"color": "#9D9D9D",
									"italic": false
								}
							]
						}
					]
				},
				{
					"type": "minecraft:item",
					"name": "minecraft:player_head",
					"functions": [
						{
							"function": "minecraft:set_components",
							"components": {
								"minecraft:profile": {
									"id": [-1313431234,2047230377,-2121722025,-2028170220]
								},
								"minecraft:custom_data": "{stellarity.head_id:4,stellarity.special_item:\"treasure_head\"}"
							}
						},
						{
							"function": "minecraft:set_lore",	
							"mode": "replace_all",
							"entity": "this",
							"lore": [
								{
									"text": "'hot furry boys... oh i am drooling again'",
									"color": "#9D9D9D",
									"italic": false
								}
							]
						}
					]
				},
				{
					"type": "minecraft:item",
					"name": "minecraft:player_head",
					"functions": [
						{
							"function": "minecraft:set_components",
							"components": {
								"minecraft:profile": {
									"id": [1985842340,981747697,-1289223725,1472412245]
								},
								"minecraft:custom_data": "{stellarity.head_id:5,stellarity.special_item:\"treasure_head\"}"
							}
						},
						{
							"function": "minecraft:set_lore",	
							"mode": "replace_all",
							"entity": "this",
							"lore": [
								{
									"text": "'Sometimes the code doesn't work'",
									"color": "#9D9D9D",
									"italic": false
								}
							]
						}
					]
				},
				{
					"type": "minecraft:item",
					"name": "minecraft:player_head",
					"functions": [
						{
							"function": "minecraft:set_components",
							"components": {
								"minecraft:profile": {
									"id": [1985842340,981747697,-1289223725,1472412245]
								},
								"minecraft:custom_data": "{stellarity.head_id:6,stellarity.special_item:\"treasure_head\"}"
							}
						},
						{
							"function": "minecraft:set_lore",	
							"mode": "replace_all",
							"entity": "this",
							"lore": [
								{
									"text": "'If u love him...'",
									"color": "#9D9D9D",
									"italic": false
								}
							]
						}
					]
				},
				{
					"type": "minecraft:item",
					"name": "minecraft:player_head",
					"functions": [
						{
							"function": "minecraft:set_components",
							"components": {
								"minecraft:profile": {
									"id": [1985842340,981747697,-1289223725,1472412245]
								},
								"minecraft:custom_data": "{stellarity.head_id:7,stellarity.special_item:\"treasure_head\"}"
							}
						},
						{
							"function": "minecraft:set_lore",	
							"mode": "replace_all",
							"entity": "this",
							"lore": [
								{
									"text": "'The darkness is lighter'",
									"color": "#9D9D9D",
									"italic": false
								}
							]
						}
					]
				},
				{
					"type": "minecraft:item",
					"name": "minecraft:player_head",
					"functions": [
						{
							"function": "minecraft:set_components",
							"components": {
								"minecraft:profile": {
									"id": [1831104287,1488276097,-1646165425,-1099341297]
								},
								"minecraft:custom_data": "{stellarity.head_id:8,stellarity.special_item:\"treasure_head\"}"
							}
						},
						{
							"function": "minecraft:set_lore",	
							"mode": "replace_all",
							"entity": "this",
							"lore": [
								{
									"text": "'Worship the great turtle god!'",
									"color": "#9D9D9D",
									"italic": false
								}
							]
						}
					]
				},
				{
					"type": "minecraft:item",
					"name": "minecraft:player_head",
					"functions": [
						{
							"function": "minecraft:set_components",
							"components": {
								"minecraft:profile": {
									"id": [1418856398,-1074311744,-1695587380,-243238180]
								},
								"minecraft:custom_data": "{stellarity.head_id:9,stellarity.special_item:\"treasure_head\"}"
							}
						},
						{
							"function": "minecraft:set_lore",	
							"mode": "replace_all",
							"entity": "this",
							"lore": [
								{
									"text": "'It must do something...'",
									"color": "#9D9D9D",
									"italic": false
								}
							]
						}
					]
				},
				{
					"type": "minecraft:item",
					"name": "minecraft:player_head",
					"functions": [
						{
							"function": "minecraft:set_components",
							"components": {
								"minecraft:profile": {
									"id": [-1984703440,-451983247,-1567658340,1709217839]
								},
								"minecraft:custom_data": "{stellarity.head_id:10,stellarity.special_item:\"treasure_head\"}"
							}
						},
						{
							"function": "minecraft:set_lore",	
							"mode": "replace_all",
							"entity": "this",
							"lore": [
								{
									"text": "'Can probably be found in his office,",
									"color": "#9D9D9D",
									"italic": false
								},
								{
									"text": "drinking a bougie coffee",
									"color": "#9D9D9D",
									"italic": false
								},
								{
									"text": "and creating a github ticket.'",
									"color": "#9D9D9D",
									"italic": false
								}
							]
						}
					]
				},
				{
					"type": "minecraft:item",
					"name": "minecraft:player_head",
					"functions": [
						{
							"function": "minecraft:set_components",
							"components": {
								"minecraft:profile": {
									"id": [1071643049,-470269724,-1901616494,1327148590]
								},
								"minecraft:custom_data": "{stellarity.head_id:11,stellarity.special_item:\"treasure_head\"}"
							}
						},
						{
							"function": "minecraft:set_lore",	
							"mode": "replace_all",
							"entity": "this",
							"lore": [
								{
									"text": "'We Ride The Lines'",
									"color": "#9D9D9D",
									"italic": false
								}
							]
						}
					]
				},
				{
					"type": "minecraft:item",
					"name": "minecraft:player_head",
					"functions": [
						{
							"function": "minecraft:set_components",
							"components": {
								"minecraft:profile": {
									"id": [490380363,185421267,-1837786030,-1016322435]
								},
								"minecraft:custom_data": "{stellarity.head_id:12,stellarity.special_item:\"treasure_head\"}"
							}
						},
						{
							"function": "minecraft:set_lore",	
							"mode": "replace_all",
							"entity": "this",
							"lore": [
								{
									"text": "'lover of thy mom'",
									"color": "#9D9D9D",
									"italic": false
								}
							]
						}
					]
				},
				{
					"type": "minecraft:item",
					"name": "minecraft:player_head",
					"functions": [
						{
							"function": "minecraft:set_components",
							"components": {
								"minecraft:profile": {
									"name": "TurtelCult",
									"id": [
										-265624730,
										1514561203,
										-1397163669,
										1742773019
									],
									"properties": [
										{
											"name": "textures",
											"value": "e3RleHR1cmVzOntTS0lOOnt1cmw6Imh0dHA6Ly90ZXh0dXJlcy5taW5lY3JhZnQubmV0L3RleHR1cmUvYTg1OWE5MDY5NDg4NDg1ODViNTJjMTRjZDZlNTc2MmJmMDM1YmE1MzRiZDFmMzE1OGY0NDUzZTVkYTAzYzU5YiJ9fX0="
										}
									]
								},
								"minecraft:custom_data": "{stellarity.head_id:13,stellarity.special_item:\"treasure_head\"}"
							}
						},
						{
							"function": "minecraft:set_lore",	
							"mode": "replace_all",
							"entity": "this",
							"lore": [
								{
									"text": "'Holds the power and souls of",
									"color": "#9D9D9D",
									"italic": false
								},
								{
									"text": "all the Turtel Cult Members'",
									"color": "#9D9D9D",
									"italic": false
								}
							]
						}
					]
				},
				{
					"type": "minecraft:item",
					"name": "minecraft:player_head",
					"functions": [
						{
							"function": "minecraft:set_components",
							"components": {
								"minecraft:profile": {
									"name": "LabRat",
									"id": [
										1730907666,
										-1140697607,
										-1403292245,
										-583096898
									],
									"properties": [
										{
											"name": "textures",
											"value": "e3RleHR1cmVzOntTS0lOOnt1cmw6Imh0dHA6Ly90ZXh0dXJlcy5taW5lY3JhZnQubmV0L3RleHR1cmUvMjc4NzY2MWJkMTY4MDc1NTNlODIzMGY0Zjg5ZWNkOTJkNjRhOTBmN2JhZGY1MDFiZDY3YWI4NzU4ZjBmNmQ1OSJ9fX0="
										}
									]
								},
								"minecraft:custom_data": "{stellarity.head_id:14,stellarity.special_item:\"treasure_head\"}"
							}
						},
						{
							"function": "minecraft:set_lore",	
							"mode": "replace_all",
							"entity": "this",
							"lore": [
								{
									"text": "'A starved volunteer for a certain youtuber'",
									"color": "#9D9D9D",
									"italic": false
								}
							]
						}
					]
				},
				{
					"type": "minecraft:item",
					"name": "minecraft:player_head",
					"functions": [
						{
							"function": "minecraft:set_components",
							"components": {
								"minecraft:profile": {
									"name": "IbzoRpun",
									"id": [
										1187433109,
										466504025,
										-1252916835,
										-975355548
									],
									"properties": [
										{
											"name": "textures",
											"value": "eyJ0ZXh0dXJlcyI6eyJTS0lOIjp7InVybCI6Imh0dHA6Ly90ZXh0dXJlcy5taW5lY3JhZnQubmV0L3RleHR1cmUvOWQwZDIzNTQxYzhjZWUyY2RhMjYwMmQ4ZjNjMmM0OWVhMjA5OWVjNDU5NjFkMGFjYmQ2ZGQ5MWU1MGFkMTA1OCJ9fX0="
										}
									]
								},
								"minecraft:custom_data": "{stellarity.head_id:15,stellarity.special_item:\"treasure_head\"}"
							}
						},
						{
							"function": "minecraft:set_lore",	
							"mode": "replace_all",
							"entity": "this",
							"lore": [
								{
									"text": "'Shift 7'",
									"color": "#9D9D9D",
									"italic": false
								}
							]
						}
					]
				},
				{
					"type": "minecraft:item",
					"name": "minecraft:player_head",
					"functions": [
						{
							"function": "minecraft:set_components",
							"components": {
								"minecraft:profile": {
									"id": [-1514151116,-33274049,-2113059766,408883235]
								},
								"minecraft:custom_data": "{stellarity.head_id:16,stellarity.special_item:\"treasure_head\"}"
							}
						},
						{
							"function": "minecraft:set_lore",	
							"mode": "replace_all",
							"entity": "this",
							"lore": [
								{
									"text": "'A beautiful plant is like",
									"color": "#9D9D9D",
									"italic": false
								},
								{
									"text": "having a friend around the house'",
									"color": "#9D9D9D",
									"italic": false
								}
							]
						}
					]
				},
				{
					"type": "minecraft:item",
					"name": "minecraft:player_head",
					"functions": [
						{
							"function": "minecraft:set_components",
							"components": {
								"minecraft:profile": {
									"name": "DuskAdler",
									"id": [
										1316295466,
										466108755,
										-1417515517,
										566878893
									],
									"properties": [
										{
											"name": "textures",
											"value": "eyJ0ZXh0dXJlcyI6eyJTS0lOIjp7InVybCI6Imh0dHA6Ly90ZXh0dXJlcy5taW5lY3JhZnQubmV0L3RleHR1cmUvMWFmZDMwOTczYzc1ZDg4ZjY5ZjBhOWI2NDU1MDVhMzNhZmQwMzAzMmRiMGQ3MzQ0MzczMDM1YTBhM2EzOGI1NSJ9fX0="
										}
									]
								},
								"minecraft:custom_data": "{stellarity.head_id:17,stellarity.special_item:\"treasure_head\"}"
							}
						},
						{
							"function": "minecraft:set_lore",	
							"mode": "replace_all",
							"entity": "this",
							"lore": [
								{
									"text": "'Plan 3 steps ahead of time'",
									"color": "#9D9D9D",
									"italic": false
								}
							]
						}
					]
				},
				{
					"type": "minecraft:item",
					"name": "minecraft:player_head",
					"functions": [
						{
							"function": "minecraft:set_components",
							"components": {
								"minecraft:profile": {
									"id": [1773018925,-2085992341,-1678241017,1254221489]
								},
								"minecraft:custom_data": "{stellarity.head_id:18,stellarity.special_item:\"treasure_head\"}"
							}
						},
						{
							"function": "minecraft:set_lore",	
							"mode": "replace_all",
							"entity": "this",
							"lore": [
								{
									"text": "'*Insert Lore Here*'",
									"color": "#9D9D9D",
									"italic": false
								}
							]
						}
					]
				},
				{
					"type": "minecraft:item",
					"name": "minecraft:player_head",
					"functions": [
						{
							"function": "minecraft:set_components",
							"components": {
								"minecraft:profile": {
									"id": [1773018925,-2085992341,-1678241017,1254221489]
								},
								"minecraft:custom_data": "{stellarity.head_id:19,stellarity.special_item:\"treasure_head\"}"
							}
						},
						{
							"function": "minecraft:set_lore",	
							"mode": "replace_all",
							"entity": "this",
							"lore": [
								{
									"text": "'It is not stealing code if you",
									"color": "#9D9D9D",
									"italic": false
								},
								{
									"text": "change variable names!'",
									"color": "#9D9D9D",
									"italic": false
								}
							]
						}
					]
				},
				{
					"type": "minecraft:item",
					"name": "minecraft:player_head",
					"functions": [
						{
							"function": "minecraft:set_components",
							"components": {
								"minecraft:profile": {
									"id": [1773018925,-2085992341,-1678241017,1254221489]
								},
								"minecraft:custom_data": "{stellarity.head_id:20,stellarity.special_item:\"treasure_head\"}"
							}
						},
						{
							"function": "minecraft:set_lore",	
							"mode": "replace_all",
							"entity": "this",
							"lore": [
								{
									"text": "'A mysterious head! Belongs to a",
									"color": "#9D9D9D",
									"italic": false
								},
								{
									"text": "developer, youtuber and LoL player'",
									"color": "#9D9D9D",
									"italic": false
								}
							]
						}
					]
				},
				{
					"type": "minecraft:item",
					"name": "minecraft:player_head",
					"functions": [
						{
							"function": "minecraft:set_components",
							"components": {
								"minecraft:profile": {
									"id": [-822270032,1387481391,-1598385178,-829337475]
								},
								"minecraft:custom_data": "{stellarity.head_id:21,stellarity.special_item:\"treasure_head\"}"
							}
						},
						{
							"function": "minecraft:set_lore",	
							"mode": "replace_all",
							"entity": "this",
							"lore": [
								{
									"text": "'Can't die if you're already dead yk- ;-;'",
									"color": "#9D9D9D",
									"italic": false
								}
							]
						}
					]
				},
				{
					"type": "minecraft:item",
					"name": "minecraft:player_head",
					"functions": [
						{
							"function": "minecraft:set_components",
							"components": {
								"minecraft:profile": {
									"id": [-1771639307,-2069870588,-1335722705,-172152650]
								},
								"minecraft:custom_data": "{stellarity.head_id:22,stellarity.special_item:\"treasure_head\"}"
							}
						},
						{
							"function": "minecraft:set_lore",	
							"mode": "replace_all",
							"entity": "this",
							"lore": [
								{
									"text": "'Life is life, Creeper is death'",
									"color": "#9D9D9D",
									"italic": false
								}
							]
						}
					]
				},
				{
					"type": "minecraft:item",
					"name": "minecraft:player_head",
					"functions": [
						{
							"function": "minecraft:set_components",
							"components": {
								"minecraft:profile": {
									"id": [1605857588,-1916187019,-2051450908,133269005]
								},
								"minecraft:custom_data": "{stellarity.head_id:23,stellarity.special_item:\"treasure_head\"}"
							}
						},
						{
							"function": "minecraft:set_lore",	
							"mode": "replace_all",
							"entity": "this",
							"lore": [
								[
									{
										"text": "'big holes",
										"color": "#9D9D9D",
										"bold": false,
										"italic": false
									},
									{
										"text": " big holes",
										"color": "#9D9D9D",
										"bold": false,
										"italic": true
									},
									{
										"text": " big holes",
										"color": "#9D9D9D",
										"bold": true,
										"italic": false
									},
									{
										"text": " BIG HOLES",
										"color": "#9D9D9D",
										"bold": true,
										"italic": false
									}
								],
								[
									{
										"text": " BIG HOLES",
										"color": "#9D9D9D",
										"bold": true,
										"italic": true
									},
									{
										"text": " B I G H O L E S",
										"color": "#9D9D9D",
										"bold": true,
										"italic": true
									},
									{
										"text": "'",
										"color": "#9D9D9D",
										"bold": false,
										"italic": false
									}
								]
							]
						}
					]
				},
				{
					"type": "minecraft:item",
					"name": "minecraft:player_head",
					"functions": [
						{
							"function": "minecraft:set_components",
							"components": {
								"minecraft:profile": {
									"id": [1262085315,-2099098530,-1476700181,1874014043]
								},
								"minecraft:custom_data": "{stellarity.head_id:24,stellarity.special_item:\"treasure_head\"}"
							}
						},
						{
							"function": "minecraft:set_lore",	
							"mode": "replace_all",
							"entity": "this",
							"lore": [
								{
									"text": "'this is a serious cry for help'",
									"color": "#9D9D9D",
									"italic": false
								}
							]
						}
					]
				},
				{
					"type": "minecraft:item",
					"name": "minecraft:player_head",
					"functions": [
						{
							"function": "minecraft:set_components",
							"components": {
								"minecraft:profile": {
									"id": [1921529111,886591201,-1495187563,-759695032]
								},
								"minecraft:custom_data": "{stellarity.head_id:25,stellarity.special_item:\"treasure_head\"}"
							}
						},
						{
							"function": "minecraft:set_lore",	
							"mode": "replace_all",
							"entity": "this",
							"lore": [
								{
									"text": "'Throwing this in lava has a large chance of doing nothing'",
									"color": "#9D9D9D",
									"italic": false
								}
							]
						}
					]
				},
				{
					"type": "minecraft:item",
					"name": "minecraft:player_head",
					"functions": [
						{
							"function": "minecraft:set_components",
							"components": {
								"minecraft:profile": {
									"id": [1350710636,1086801834,-1248234019,931194374]
								},
								"minecraft:custom_data": "{stellarity.head_id:26,stellarity.special_item:\"treasure_head\"}"
							}
						},
						{
							"function": "minecraft:set_lore",	
							"mode": "replace_all",
							"entity": "this",
							"lore": [
								{
									"text": "'Meth... I mean moth :D'",
									"color": "#9D9D9D",
									"italic": false
								}
							]
						}
					]
				},
				{
					"type": "minecraft:item",
					"name": "minecraft:player_head",
					"functions": [
						{
							"function": "minecraft:set_components",
							"components": {
								"minecraft:profile": {
									"id": [1047941353,668289402,-1753397556,-2136982113]
								},
								"minecraft:custom_data": "{stellarity.head_id:27,stellarity.special_item:\"treasure_head\"}"
							}
						},
						{
							"function": "minecraft:set_lore",	
							"mode": "replace_all",
							"entity": "this",
							"lore": [
								{
									"text": "'Dont buy no weed from the gas station bro'",
									"color": "#9D9D9D",
									"italic": false
								}
							]
						}
					]
				},
				{
					"type": "minecraft:item",
					"name": "minecraft:player_head",
					"functions": [
						{
							"function": "minecraft:set_components",
							"components": {
								"minecraft:profile": {
									"id": [785659605,-1845539269,-2080030700,756770445]
								},
								"minecraft:custom_data": "{stellarity.head_id:28,stellarity.special_item:\"treasure_head\"}"
							}
						},
						{
							"function": "minecraft:set_lore",	
							"mode": "replace_all",
							"entity": "this",
							"lore": [
								{
									"text": "'Look how they massacred ma boi foka'",
									"color": "#9D9D9D",
									"italic": false
								}
							]
						}
					]
				},
				{
					"type": "minecraft:item",
					"name": "minecraft:player_head",
					"functions": [
						{
							"function": "minecraft:set_components",
							"components": {
								"minecraft:profile": {
									"id": [-1048890711,1621967450,-2092030330,-135318509]
								},
								"minecraft:custom_data": "{stellarity.head_id:29,stellarity.special_item:\"treasure_head\"}"
							}
						},
						{
							"function": "minecraft:set_lore",	
							"mode": "replace_all",
							"entity": "this",
							"lore": [
								{
									"text": "'Just here to watch the world burn'",
									"color": "#9D9D9D",
									"italic": false
								}
							]
						}
					]
				},
				{
					"type": "minecraft:item",
					"name": "minecraft:player_head",
					"functions": [
						{
							"function": "minecraft:set_components",
							"components": {
								"minecraft:profile": {
									"id": [-1048890711,1621967450,-2092030330,-135318509]
								},
								"minecraft:custom_data": "{stellarity.head_id:30,stellarity.special_item:\"treasure_head\"}"
							}
						},
						{
							"function": "minecraft:set_lore",	
							"mode": "replace_all",
							"entity": "this",
							"lore": [
								{
									"text": "'Would you like to get burned alive?'",
									"color": "#9D9D9D",
									"italic": false
								}
							]
						}
					]
				},
				{
					"type": "minecraft:item",
					"name": "minecraft:player_head",
					"functions": [
						{
							"function": "minecraft:set_components",
							"components": {
								"minecraft:profile": {
									"id": [-1754367889,2130594789,-2129434983,-1076049898]
								},
								"minecraft:custom_data": "{stellarity.head_id:31,stellarity.special_item:\"treasure_head\"}"
							}
						},
						{
							"function": "minecraft:set_lore",	
							"mode": "replace_all",
							"entity": "this",
							"lore": [
								{
									"text": "'Quam was here'",
									"color": "#9D9D9D",
									"italic": false
								}
							]
						}
					]
				},
				{
					"type": "minecraft:item",
					"name": "minecraft:player_head",
					"functions": [
						{
							"function": "minecraft:set_components",
							"components": {
								"minecraft:profile": {
									"id": [-1177379290,1181499464,-2106505694,-795241956]
								},
								"minecraft:custom_data": "{stellarity.head_id:32,stellarity.special_item:\"treasure_head\"}"
							}
						},
						{
							"function": "minecraft:set_lore",	
							"mode": "replace_all",
							"entity": "this",
							"lore": [
								{
									"text": "'Moew~'",
									"color": "#9D9D9D",
									"italic": false
								}
							]
						}
					]
				},
				{
					"type": "minecraft:item",
					"name": "minecraft:player_head",
					"functions": [
						{
							"function": "minecraft:set_components",
							"components": {
								"minecraft:profile": {
									"id": [757388458,1336951803,-1439718450,820754583]
								},
								"minecraft:custom_data": "{stellarity.head_id:33,stellarity.special_item:\"treasure_head\"}"
							}
						},
						{
							"function": "minecraft:set_lore",	
							"mode": "replace_all",
							"entity": "this",
							"lore": [
								{
									"text": "'this pack is sponsored by church taxes'",
									"color": "#9D9D9D",
									"italic": false
								}
							]
						}
					]
				},
				{
					"type": "minecraft:item",
					"name": "minecraft:player_head",
					"functions": [
						{
							"function": "minecraft:set_components",
							"components": {
								"minecraft:profile": {
									"id": [1275617254,962807087,-1390721421,988990418]
								},
								"minecraft:custom_data": "{stellarity.head_id:34,stellarity.special_item:\"treasure_head\"}"
							}
						},
						{
							"function": "minecraft:set_lore",	
							"mode": "replace_all",
							"entity": "this",
							"lore": [
								{
									"text": "'FSEEX?'",
									"color": "#9D9D9D",
									"italic": false
								}
							]
						}
					]
				},
				{
					"type": "minecraft:item",
					"name": "minecraft:player_head",
					"functions": [
						{
							"function": "minecraft:set_components",
							"components": {
								"minecraft:profile": {
									"id": [456247000,-967553737,-1922894388,1615594237]
								},
								"minecraft:custom_data": "{stellarity.head_id:35,stellarity.special_item:\"treasure_head\"}"
							}
						},
						{
							"function": "minecraft:set_lore",	
							"mode": "replace_all",
							"entity": "this",
							"lore": [
								{
									"text": "'Wisdom always chased me but i was faster'",
									"color": "#9D9D9D",
									"italic": false
								}
							]
						}
					]
				},
				{
					"type": "minecraft:item",
					"name": "minecraft:player_head",
					"functions": [
						{
							"function": "minecraft:set_components",
							"components": {
								"minecraft:profile": {
									"id": [1262085315,-2099098530,-1476700181,1874014043]
								},
								"minecraft:custom_data": "{stellarity.head_id:36,stellarity.special_item:\"treasure_head\"}"
							}
						},
						{
							"function": "minecraft:set_lore",	
							"mode": "replace_all",
							"entity": "this",
							"lore": [
								{
									"text": "'AHGSUHMWOMHIOCANIMC'",
									"color": "#9D9D9D",
									"italic": false
								}
							]
						}
					]
				},
				{
					"type": "minecraft:item",
					"name": "minecraft:player_head",
					"functions": [
						{
							"function": "minecraft:set_components",
							"components": {
								"minecraft:profile": {
									"id": [-897854470,-2029368221,-1286401686,-1080398791]
								},
								"minecraft:custom_data": "{stellarity.head_id:37,stellarity.special_item:\"treasure_head\"}"
							}
						},
						{
							"function": "minecraft:set_lore",	
							"mode": "replace_all",
							"entity": "this",
							"lore": [
								{
									"text": "'How did you find me?'",
									"color": "#9D9D9D",
									"italic": false
								}
							]
						}
					]
				},
				{
					"type": "minecraft:item",
					"name": "minecraft:player_head",
					"functions": [
						{
							"function": "minecraft:set_components",
							"components": {
								"minecraft:profile": {
									"id": [878634451,-1711521176,-1206461733,-589616880]
								},
								"minecraft:custom_data": "{stellarity.head_id:38,stellarity.special_item:\"treasure_head\"}"
							}
						},
						{
							"function": "minecraft:set_lore",	
							"mode": "replace_all",
							"entity": "this",
							"lore": [
								{
									"text": "'Did someone say... salmon?'",
									"color": "#9D9D9D",
									"italic": false
								}
							]
						}
					]
				},
				{
					"type": "minecraft:item",
					"name": "minecraft:player_head",
					"functions": [
						{
							"function": "minecraft:set_components",
							"components": {
								"minecraft:profile": {
									"id": [1878813788,-1982247806,-1111361317,934736369]
								},
								"minecraft:custom_data": "{stellarity.head_id:39,stellarity.special_item:\"treasure_head\"}"
							}
						},
						{
							"function": "minecraft:set_lore",	
							"mode": "replace_all",
							"entity": "this",
							"lore": [
								{
									"text": "'Why don't you make like an RPG",
									"color": "#9D9D9D",
									"italic": false
								},
								{
									"text": "and turn based?'",
									"color": "#9D9D9D",
									"italic": false
								}
							]
						}
					]
				},
				{
					"type": "minecraft:item",
					"name": "minecraft:player_head",
					"functions": [
						{
							"function": "minecraft:set_components",
							"components": {
								"minecraft:profile": {
									"id": [-1935456390,-522370194,-1702456745,2132382011]
								},
								"minecraft:custom_data": "{stellarity.head_id:40,stellarity.special_item:\"treasure_head\"}"
							}
						},
						{
							"function": "minecraft:set_lore",	
							"mode": "replace_all",
							"entity": "this",
							"lore": [
								{
									"text": "'I used to rule the world",
									"color": "#9D9D9D",
									"italic": false
								},
								{
									"text": "Chunks would load when I gave the Word!'",
									"color": "#9D9D9D",
									"italic": false
								}
							]
						}
					]
				},
				{
					"type": "minecraft:item",
					"name": "minecraft:player_head",
					"functions": [
						{
							"function": "minecraft:set_components",
							"components": {
								"minecraft:profile": {
									"id": [-530793137,11946769,-2112860618,1372333876]
								},
								"minecraft:custom_data": "{stellarity.head_id:41,stellarity.special_item:\"treasure_head\"}"
							}
						},
						{
							"function": "minecraft:set_lore",	
							"mode": "replace_all",
							"entity": "this",
							"lore": [
								{
									"text": "'Monke'",
									"color": "#9D9D9D",
									"italic": false
								}
							]
						}
					]
				},
				{
					"type": "minecraft:item",
					"name": "minecraft:player_head",
					"functions": [
						{
							"function": "minecraft:set_components",
							"components": {
								"minecraft:profile": {
									"id": [1275617254,962807087,-1390721421,988990418]
								},
								"minecraft:custom_data": "{stellarity.head_id:42,stellarity.special_item:\"treasure_head\"}"
							}
						},
						{
							"function": "minecraft:set_lore",	
							"mode": "replace_all",
							"entity": "this",
							"lore": [
								{
									"text": "'The best method of suicide is pinging starmute on discord'",
									"color": "#9D9D9D",
									"italic": false
								}
							]
						}
					]
				},
				{
					"type": "minecraft:item",
					"name": "minecraft:player_head",
					"functions": [
						{
							"function": "minecraft:set_components",
							"components": {
								"minecraft:profile": {
									"id": [-1771639307,-2069870588,-1335722705,-172152650]
								},
								"minecraft:custom_data": "{stellarity.head_id:43,stellarity.special_item:\"treasure_head\"}"
							}
						},
						{
							"function": "minecraft:set_lore",	
							"mode": "replace_all",
							"entity": "this",
							"lore": [
								{
									"text": "'Gigachad timeee!'",
									"color": "#9D9D9D",
									"italic": false
								}
							]
						}
					]
				},
				{
					"type": "minecraft:item",
					"name": "minecraft:player_head",
					"functions": [
						{
							"function": "minecraft:set_components",
							"components": {
								"minecraft:profile": {
									"id": [1119143745,-455391805,-1707941946,-1676815555]
								},
								"minecraft:custom_data": "{stellarity.head_id:44,stellarity.special_item:\"treasure_head\"}"
							}
						},
						{
							"function": "minecraft:set_lore",	
							"mode": "replace_all",
							"entity": "this",
							"lore": [
								{
									"text": "'Exams! -.-'",
									"color": "#9D9D9D",
									"italic": false
								}
							]
						}
					]
				},
				{
					"type": "minecraft:item",
					"name": "minecraft:player_head",
					"functions": [
						{
							"function": "minecraft:set_components",
							"components": {
								"minecraft:profile": {
									"id": [-1376212211,1434667242,-1482771414,-439277367]
								},
								"minecraft:custom_data": "{stellarity.head_id:45,stellarity.special_item:\"treasure_head\"}"
							}
						},
						{
							"function": "minecraft:set_lore",	
							"mode": "replace_all",
							"entity": "this",
							"lore": [
								{
									"text": "'mom'",
									"color": "#9D9D9D",
									"italic": false
								}
							]
						}
					]
				},
				{
					"type": "minecraft:item",
					"name": "minecraft:player_head",
					"functions": [
						{
							"function": "minecraft:set_components",
							"components": {
								"minecraft:profile": {
									"id": [-320120691,-1509734218,-1250684242,917166180]
								},
								"minecraft:custom_data": "{stellarity.head_id:46,stellarity.special_item:\"treasure_head\"}"
							}
						},
						{
							"function": "minecraft:set_lore",	
							"mode": "replace_all",
							"entity": "this",
							"lore": [
								{
									"text": "'mmm tacos'",
									"color": "#9D9D9D",
									"italic": false
								}
							]
						}
					]
				},
				{
					"type": "minecraft:item",
					"name": "minecraft:player_head",
					"functions": [
						{
							"function": "minecraft:set_components",
							"components": {
								"minecraft:profile": {
									"id": [1262085315,-2099098530,-1476700181,1874014043]
								},
								"minecraft:custom_data": "{stellarity.head_id:47,stellarity.special_item:\"treasure_head\"}"
							}
						},
						{
							"function": "minecraft:set_lore",	
							"mode": "replace_all",
							"entity": "this",
							"lore": [
								{
									"text": "'He only had 4K subs, all L’s, no dubs'",
									"color": "#9D9D9D",
									"italic": false
								}
							]
						}
					]
				},
				{
					"type": "minecraft:item",
					"name": "minecraft:player_head",
					"functions": [
						{
							"function": "minecraft:set_components",
							"components": {
								"minecraft:profile": {
									"id": [740647338,1334591643,-2141247812,590630202]
								},
								"minecraft:custom_data": "{stellarity.head_id:48,stellarity.special_item:\"treasure_head\"}"
							}
						},
						{
							"function": "minecraft:set_lore",	
							"mode": "replace_all",
							"entity": "this",
							"lore": [
								{
									"text": "'Just a french guy, baguette.'",
									"color": "#9D9D9D",
									"italic": false
								}
							]
						}
					]
				},
				{
					"type": "minecraft:item",
					"name": "minecraft:player_head",
					"functions": [
						{
							"function": "minecraft:set_components",
							"components": {
								"minecraft:profile": {
									"id": [969246851,-397915261,-1852593129,-1645118024]
								},
								"minecraft:custom_data": "{stellarity.head_id:49,stellarity.special_item:\"treasure_head\"}"
							}
						},
						{
							"function": "minecraft:set_lore",	
							"mode": "replace_all",
							"entity": "this",
							"lore": [
								{
									"text": "'The only boss of The End is the Dragon,",
									"color": "#9D9D9D",
									"italic": false
								},
								{
									"text": "all Heads you see are the players killed by it'",
									"color": "#9D9D9D",
									"italic": false
								}
							]
						}
					]
				},
				{
					"type": "minecraft:item",
					"name": "minecraft:player_head",
					"functions": [
						{
							"function": "minecraft:set_components",
							"components": {
								"minecraft:profile": {
									"id": [2143710296,-827178058,-1597426359,-405455572]
								},
								"minecraft:custom_data": "{stellarity.head_id:50,stellarity.special_item:\"treasure_head\"}"
							}
						},
						{
							"function": "minecraft:set_lore",	
							"mode": "replace_all",
							"entity": "this",
							"lore": [
								{
									"text": "'Kinda dating a frog'",
									"color": "#9D9D9D",
									"italic": false
								}
							]
						}
					]
				},
				{
					"type": "minecraft:item",
					"name": "minecraft:player_head",
					"functions": [
						{
							"function": "minecraft:set_components",
							"components": {
								"minecraft:profile": {
									"id": [628162307,1268993094,-1869678083,621855618]
								},
								"minecraft:custom_data": "{stellarity.head_id:51,stellarity.special_item:\"treasure_head\"}"
							}
						},
						{
							"function": "minecraft:set_lore",	
							"mode": "replace_all",
							"entity": "this",
							"lore": [
								{
									"text": "'Hello World!...End?'",
									"color": "#9D9D9D",
									"italic": false
								}
							]
						}
					]
				},
				{
					"type": "minecraft:item",
					"name": "minecraft:player_head",
					"functions": [
						{
							"function": "minecraft:set_components",
							"components": {
								"minecraft:profile": {
									"id": [1144216711,-1904524262,-1122823433,-1583122999]
								},
								"minecraft:custom_data": "{stellarity.head_id:52,stellarity.special_item:\"treasure_head\"}"
							}
						},
						{
							"function": "minecraft:set_lore",	
							"mode": "replace_all",
							"entity": "this",
							"lore": [
								{
									"text": "'Buranyuu'",
									"color": "#9D9D9D",
									"italic": true
								}
							]
						}
					]
				},
				{
					"type": "minecraft:item",
					"name": "minecraft:player_head",
					"functions": [
						{
							"function": "minecraft:set_components",
							"components": {
								"minecraft:profile": {
									"id": [1985842340,981747697,-1289223725,1472412245]
								},
								"minecraft:custom_data": "{stellarity.head_id:53,stellarity.special_item:\"treasure_head\"}"
							}
						},
						{
							"function": "minecraft:set_lore",	
							"mode": "replace_all",
							"entity": "this",
							"lore": [
								{
									"text": "'Cooding is hard!?'",
									"color": "#9D9D9D",
									"italic": false
								}
							]
						}
					]
				},
				{
					"type": "minecraft:loot_table",
					"value": "stellarity:oreki_special_head_combo"
				},
				{
					"type": "minecraft:item",
					"name": "minecraft:player_head",
					"functions": [
						{
							"function": "minecraft:set_components",
							"components": {
								"minecraft:profile": {
									"id": [1878813788,-1982247806,-1111361317,934736369]
								},
								"minecraft:custom_data": "{stellarity.head_id:56,stellarity.special_item:\"treasure_head\"}"
							}
						},
						{
							"function": "minecraft:set_lore",	
							"mode": "replace_all",
							"entity": "this",
							"lore": [
								{
									"text": "'i put a hamster in a long sock and",
									"color": "#9D9D9D",
									"italic": false
								},
								{
									"text": "swing it around like a wrecking ball'",
									"color": "#9D9D9D",
									"italic": false
								}
							]
						}
					]
				},
				{
					"type": "minecraft:item",
					"name": "minecraft:player_head",
					"functions": [
						{
							"function": "minecraft:set_components",
							"components": {
								"minecraft:profile": {
									"id": [153916217,16205141,-1801413960,-862109692]
								},
								"minecraft:custom_data": "{stellarity.head_id:57,stellarity.special_item:\"treasure_head\"}"
							}
						},
						{
							"function": "minecraft:set_lore",	
							"mode": "replace_all",
							"entity": "this",
							"lore": [
								{
									"text": "'Are atoms just item IDs?'",
									"color": "#9D9D9D",
									"italic": false
								}
							]
						}
					]
				},
				{
					"type": "minecraft:item",
					"name": "minecraft:player_head",
					"functions": [
						{
							"function": "minecraft:set_components",
							"components": {
								"minecraft:profile": {
									"id": [1500983584,-1064153426,-1317038080,2109361924]
								},
								"minecraft:custom_data": "{stellarity.head_id:58,stellarity.special_item:\"treasure_head\"}"
							}
						},
						{
							"function": "minecraft:set_lore",	
							"mode": "replace_all",
							"entity": "this",
							"lore": [
								{
									"text": "'How many times have I lost",
									"color": "#9D9D9D",
									"italic": false
								},
								{
									"text": "a 1cc to this white bitch'",
									"color": "#9D9D9D",
									"italic": false
								}
							]
						}
					]
				},
				{
					"type": "minecraft:item",
					"name": "minecraft:player_head",
					"functions": [
						{
							"function": "minecraft:set_components",
							"components": {
								"minecraft:profile": {
									"id": [-1702146087,536954692,-1952414040,-1469792748]
								},
								"minecraft:custom_data": "{stellarity.head_id:59,stellarity.special_item:\"treasure_head\"}"
							}
						},
						{
							"function": "minecraft:set_lore",	
							"mode": "replace_all",
							"entity": "this",
							"lore": [
								{
									"text": "'Shoutout to Red Hot Chili Peppers'",
									"color": "#9D9D9D",
									"italic": false
								}
							]
						}
					]
				},
				{
					"type": "minecraft:item",
					"name": "minecraft:player_head",
					"functions": [
						{
							"function": "minecraft:set_components",
							"components": {
								"minecraft:profile": {
									"id": [-2014188133,700466739,-1386335048,1323076027]
								},
								"minecraft:custom_data": "{stellarity.head_id:60,stellarity.special_item:\"treasure_head\"}"
							}
						},
						{
							"function": "minecraft:set_lore",	
							"mode": "replace_all",
							"entity": "this",
							"lore": [
								{
									"text": "'chat is this real'",
									"color": "#9D9D9D",
									"italic": false
								}
							]
						}
					]
				},
				{
					"type": "minecraft:item",
					"name": "minecraft:player_head",
					"functions": [
						{
							"function": "minecraft:set_components",
							"components": {
								"minecraft:profile": {
									"id": [-117819894,1250315322,-1868098398,1220268862]
								},
								"minecraft:custom_data": "{stellarity.head_id:61,stellarity.special_item:\"treasure_head\"}"
							}
						},
						{
							"function": "minecraft:set_lore",	
							"mode": "replace_all",
							"entity": "this",
							"lore": [
								{
									"text": "'hey vive la france'",
									"color": "#9D9D9D",
									"italic": false
								}
							]
						}
					]
				},
				{
					"type": "minecraft:item",
					"name": "minecraft:player_head",
					"functions": [
						{
							"function": "minecraft:set_components",
							"components": {
								"minecraft:profile": {
									"id": [-1935456390,-522370194,-1702456745,2132382011]
								},
								"minecraft:custom_data": "{stellarity.head_id:62,stellarity.special_item:\"treasure_head\"}"
							}
						},
						{
							"function": "minecraft:set_lore",	
							"mode": "replace_all",
							"entity": "this",
							"lore": [
								{
									"text": "'THE FOG IS COMING!",
									"color": "#9D9D9D",
									"italic": false
								},
								{
									"text": "THE FOG IS COMING!",
									"color": "#9D9D9D",
									"italic": false
								},
								{
									"text": "THE FOG IS COMING!'",
									"color": "#9D9D9D",
									"italic": false
								}
							]
						}
					]
				},
				{
					"type": "minecraft:item",
					"name": "minecraft:player_head",
					"functions": [
						{
							"function": "minecraft:set_components",
							"components": {
								"minecraft:profile": {
									"id": [-897854470,-2029368221,-1286401686,-1080398791]
								},
								"minecraft:custom_data": "{stellarity.head_id:63,stellarity.special_item:\"treasure_head\"}"
							}
						},
						{
							"function": "minecraft:set_lore",	
							"mode": "replace_all",
							"entity": "this",
							"lore": [
								{
									"text": "'Can I have redstone?'",
									"color": "#9D9D9D",
									"italic": false
								}
							]
						}
					]
				},
				{
					"type": "minecraft:item",
					"name": "minecraft:player_head",
					"functions": [
						{
							"function": "minecraft:set_components",
							"components": {
								"minecraft:profile": {
									"id": [1878813788,-1982247806,-1111361317,934736369]
								},
								"minecraft:custom_data": "{stellarity.head_id:64,stellarity.special_item:\"treasure_head\"}"
							}
						},
						{
							"function": "minecraft:set_lore",	
							"mode": "replace_all",
							"entity": "this",
							"lore": [
								{
									"text": "'i put a hamster in a long sock and'",
									"color": "#9D9D9D",
									"italic": false
								}
							]
						}
					]
				},
				{
					"type": "minecraft:item",
					"name": "minecraft:player_head",
					"functions": [
						{
							"function": "minecraft:set_components",
							"components": {
								"minecraft:profile": {
									"id": [2124919326,1164987867,-1806190655,316067441]
								},
								"minecraft:custom_data": "{stellarity.head_id:65,stellarity.special_item:\"treasure_head\"}"
							}
						},
						{
							"function": "minecraft:set_lore",	
							"mode": "replace_all",
							"entity": "this",
							"lore": [
								{
									"text": "'Causes Havoc when with friends'",
									"color": "#9D9D9D",
									"italic": false
								}
							]
						}
					]
				},
				{
					"type": "minecraft:item",
					"name": "minecraft:player_head",
					"functions": [
						{
							"function": "minecraft:set_components",
							"components": {
								"minecraft:profile": {
									"id": [1358126602,-1050524923,-1290636308,-319729000]
								},
								"minecraft:custom_data": "{stellarity.head_id:66,stellarity.special_item:\"treasure_head\"}"
							}
						},
						{
							"function": "minecraft:set_lore",	
							"mode": "replace_all",
							"entity": "this",
							"lore": [
								{
									"text": "'Tonto el que lee'",
									"color": "#9D9D9D",
									"italic": false
								}
							]
						}
					]
				},
				{
					"type": "minecraft:item",
					"name": "minecraft:player_head",
					"functions": [
						{
							"function": "minecraft:set_components",
							"components": {
								"minecraft:profile": {
									"id": [-1904476661,612779697,-1870474750,-811084918]
								},
								"minecraft:custom_data": "{stellarity.head_id:67,stellarity.special_item:\"treasure_head\"}"
							}
						},
						{
							"function": "minecraft:set_lore",	
							"mode": "replace_all",
							"entity": "this",
							"lore": [
								{
									"text": "'ngl id just uninstall now'",
									"color": "#9D9D9D",
									"italic": false
								}
							]
						}
					]
				},
				{
					"type": "minecraft:item",
					"name": "minecraft:player_head",
					"functions": [
						{
							"function": "minecraft:set_components",
							"components": {
								"minecraft:profile": {
									"id": [2076954665,1510165184,-1089779501,1499102850]
								},
								"minecraft:custom_data": "{stellarity.head_id:68,stellarity.special_item:\"treasure_head\"}"
							}
						},
						{
							"function": "minecraft:set_lore",	
							"mode": "replace_all",
							"entity": "this",
							"lore": [
								{
									"text": "'Trans rights <333'",
									"color": "#9D9D9D",
									"italic": false
								}
							]
						}
					]
				},
				{
					"type": "minecraft:item",
					"name": "minecraft:player_head",
					"functions": [
						{
							"function": "minecraft:set_components",
							"components": {
								"minecraft:profile": {
									"id": [-127051782,-1456583074,-1442757071,-601713192]
								},
								"minecraft:custom_data": "{stellarity.head_id:69,stellarity.special_item:\"treasure_head\"}"
							}
						},
						{
							"function": "minecraft:set_lore",	
							"mode": "replace_all",
							"entity": "this",
							"lore": [
								{
									"text": "'Can you even sleep to night when",
									"color": "#9D9D9D",
									"italic": false
								},
								{
									"text": "it's daytime on the game?'",
									"color": "#9D9D9D",
									"italic": false
								}
							]
						}
					]
				},
				{
					"type": "minecraft:item",
					"name": "minecraft:player_head",
					"functions": [
						{
							"function": "minecraft:set_components",
							"components": {
								"minecraft:profile": {
									"id": [-1292303162,1938768512,-1819206189,1051328611]
								},
								"minecraft:custom_data": "{stellarity.head_id:70,stellarity.special_item:\"treasure_head\"}"
							}
						},
						{
							"function": "minecraft:set_lore",	
							"mode": "replace_all",
							"entity": "this",
							"lore": [
								{
									"text": "'Tmax en y'",
									"color": "#9D9D9D",
									"italic": false
								}
							]
						}
					]
				},
				{
					"type": "minecraft:item",
					"name": "minecraft:player_head",
					"functions": [
						{
							"function": "minecraft:set_components",
							"components": {
								"minecraft:profile": {
									"id": [-1804886142,32981108,-2100628128,1125455813]
								},
								"minecraft:custom_data": "{stellarity.head_id:71,stellarity.special_item:\"treasure_head\"}"
							}
						},
						{
							"function": "minecraft:set_lore",	
							"mode": "replace_all",
							"entity": "this",
							"lore": [
								{
									"text": "'haha, I'm cluttering your",
									"color": "#9D9D9D",
									"italic": false
								},
								{
									"text": "inventory even more'",
									"color": "#9D9D9D",
									"italic": false
								}
							]
						}
					]
				},
				{
					"type": "minecraft:item",
					"name": "minecraft:player_head",
					"functions": [
						{
							"function": "minecraft:set_components",
							"components": {
								"minecraft:profile": {
									"id": [-373279135,-829994854,-1601090200,-1493153895]
								},
								"minecraft:custom_data": "{stellarity.head_id:72,stellarity.special_item:\"treasure_head\"}"
							}
						},
						{
							"function": "minecraft:set_lore",	
							"mode": "replace_all",
							"entity": "this",
							"lore": [
								{
									"text": "'i'm in your walls'",
									"color": "#9D9D9D",
									"italic": false
								}
							]
						}
					]
				},
				{
					"type": "minecraft:item",
					"name": "minecraft:player_head",
					"functions": [
						{
							"function": "minecraft:set_components",
							"components": {
								"minecraft:profile": {
									"id": [77859875,-715632775,-1413582474,362170782]
								},
								"minecraft:custom_data": "{stellarity.head_id:73,stellarity.special_item:\"treasure_head\"}"
							}
						},
						{
							"function": "minecraft:set_lore",	
							"mode": "replace_all",
							"entity": "this",
							"lore": [
								{
									"text": "'Place me under your floorboards'",
									"color": "#9D9D9D",
									"italic": false
								}
							]
						}
					]
				},
				{
					"type": "minecraft:item",
					"name": "minecraft:player_head",
					"functions": [
						{
							"function": "minecraft:set_components",
							"components": {
								"minecraft:profile": {
									"name": "xXstrontyXx",
									"id": [
										1178491460,
										1144806486,
										-1956994576,
										829710616
									],
									"properties": [
										{
											"name": "textures",
											"value": "e3RleHR1cmVzOntTS0lOOnt1cmw6Imh0dHA6Ly90ZXh0dXJlcy5taW5lY3JhZnQubmV0L3RleHR1cmUvMjczZTc3YjM0MjQ3ZTRiZjE3MjRmZTFmZjhkNGEzYzc3NTM5OTA0NDViZWE3ZmM4ZTIxODlkZTIxYWY4MDU4OSJ9fX0="
										}
									]
								},						
								"minecraft:custom_data": "{stellarity.head_id:74,stellarity.special_item:\"treasure_head\"}"
							}
						},
						{
							"function": "minecraft:set_lore",	
							"mode": "replace_all",
							"entity": "this",
							"lore": [
								{
									"text": "'Feed me bones'",
									"color": "#9D9D9D",
									"italic": false
								}
							]
						}
					]
				},
				{
					"type": "minecraft:item",
					"name": "minecraft:player_head",
					"functions": [
						{
							"function": "minecraft:set_components",
							"components": {
								"minecraft:profile": {
									"id": [1878813788,-1982247806,-1111361317,934736369]
								},
								"minecraft:custom_data": "{stellarity.head_id:75,stellarity.special_item:\"treasure_head\"}"
							}
						},
						{
							"function": "minecraft:set_lore",	
							"mode": "replace_all",
							"entity": "this",
							"lore": [
								{
									"text": "'i put a hamster in a long sock and'",
									"color": "#9D9D9D",
									"italic": false
								}
							]
						}
					]
				},
				{
					"type": "minecraft:item",
					"name": "minecraft:player_head",
					"functions": [
						{
							"function": "minecraft:set_components",
							"components": {
								"minecraft:profile": {
									"id": [932355465,-550745335,-1578198253,1211137221]
								},
								"minecraft:custom_data": "{stellarity.head_id:76,stellarity.special_item:\"treasure_head\"}"
							}
						},
						{
							"function": "minecraft:set_lore",	
							"mode": "replace_all",
							"entity": "this",
							"lore": [
								{
									"text": "'Los femboys deberian ser sagrados'",
									"color": "#9D9D9D",
									"italic": false
								}
							]
						}
					]
				},
				{
					"type": "minecraft:item",
					"name": "minecraft:player_head",
					"functions": [
						{
							"function": "minecraft:set_components",
							"components": {
								"minecraft:profile": {
									"id": [-1773819598,989876000,-1724103350,-1858851019]
								},
								"minecraft:custom_data": "{stellarity.head_id:77,stellarity.special_item:\"treasure_head\"}"
							}
						},
						{
							"function": "minecraft:set_lore",	
							"mode": "replace_all",
							"entity": "this",
							"lore": [
								{
									"text": "'gay is great'",
									"color": "#9D9D9D",
									"italic": false
								}
							]
						}
					]
				},
				{
					"type": "minecraft:item",
					"name": "minecraft:player_head",
					"functions": [
						{
							"function": "minecraft:set_components",
							"components": {
								"minecraft:profile": {
									"id": [-1009070107,-245086496,-1573952849,972857190]
								},
								"minecraft:custom_data": "{stellarity.head_id:78,stellarity.special_item:\"treasure_head\"}"
							}
						},
						{
							"function": "minecraft:set_lore",	
							"mode": "replace_all",
							"entity": "this",
							"lore": [
								{
									"text": "'I stand for adding muscular guys to Stellarity.'",
									"color": "#9D9D9D",
									"italic": false
								}
							]
						}
					]
				},
				{
					"type": "minecraft:item",
					"name": "minecraft:player_head",
					"functions": [
						{
							"function": "minecraft:set_components",
							"components": {
								"minecraft:profile": {
									"id": [-723959229,-295613272,-1113664862,-1420912952]
								},
								"minecraft:custom_data": "{stellarity.head_id:79,stellarity.special_item:\"treasure_head\"}"
							}
						},
						{
							"function": "minecraft:set_lore",	
							"mode": "replace_all",
							"entity": "this",
							"lore": [
								{
									"text": "'Incendium garbage, delete it'",
									"color": "#9D9D9D",
									"italic": false
								}
							]
						}
					]
				},
				{
					"type": "minecraft:item",
					"name": "minecraft:player_head",
					"functions": [
						{
							"function": "minecraft:set_components",
							"components": {
								"minecraft:profile": {
									"id": [-174482193,-530365993,-1693332401,-1303179728]
								},
								"minecraft:custom_data": "{stellarity.head_id:80,stellarity.special_item:\"treasure_head\"}"
							}
						},
						{
							"function": "minecraft:set_lore",	
							"mode": "replace_all",
							"entity": "this",
							"lore": [
								{
									"text": "'put me down pls'",
									"color": "#9D9D9D",
									"italic": false
								}
							]
						}
					]
				},
				{
					"type": "minecraft:item",
					"name": "minecraft:player_head",
					"functions": [
						{
							"function": "minecraft:set_components",
							"components": {
								"minecraft:profile": {
									"id": [-80691458,369836907,-1162101914,894250980]
								},
								"minecraft:custom_data": "{stellarity.head_id:81,stellarity.special_item:\"treasure_head\"}"
							}
						},
						{
							"function": "minecraft:set_lore",	
							"mode": "replace_all",
							"entity": "this",
							"lore": [
								{
									"text": "'the new taco hemingway track is a banger'",
									"color": "#9D9D9D",
									"italic": false
								}
							]
						}
					]
				},
				{
					"type": "minecraft:item",
					"name": "minecraft:player_head",
					"functions": [
						{
							"function": "minecraft:set_components",
							"components": {
								"minecraft:profile": {
									"id": [-2037128071,298274095,-1494415340,-1783305049]
								},
								"minecraft:custom_data": "{stellarity.head_id:82,stellarity.special_item:\"treasure_head\"}"
							}
						},
						{
							"function": "minecraft:set_lore",	
							"mode": "replace_all",
							"entity": "this",
							"lore": [
								{
									"text": "'Pero entonces llegó el Fuego.",
									"color": "#9D9D9D",
									"italic": false
								},
								{
									"text": "Y con el Fuego, llegó la Disparidad.'",
									"color": "#9D9D9D",
									"italic": false
								}
							]
						}
					]
				},
				{
					"type": "minecraft:item",
					"name": "minecraft:player_head",
					"functions": [
						{
							"function": "minecraft:set_components",
							"components": {
								"minecraft:profile": {
									"id": [971697034,1594245880,-1084677508,-1020447676]
								},
								"minecraft:custom_data": "{stellarity.head_id:83,stellarity.special_item:\"treasure_head\"}"
							}
						},
						{
							"function": "minecraft:set_lore",	
							"mode": "replace_all",
							"entity": "this",
							"lore": [
								{
									"text": "'Buy me blahåj'",
									"color": "#9D9D9D",
									"italic": false
								}
							]
						}
					]
				},
				{
					"type": "minecraft:item",
					"name": "minecraft:player_head",
					"functions": [
						{
							"function": "minecraft:set_components",
							"components": {
								"minecraft:profile": {
									"id": [-1548073974,1969439033,-1506540264,-1894128230]
								},
								"minecraft:custom_data": "{stellarity.head_id:84,stellarity.special_item:\"treasure_head\"}"
							}
						},
						{
							"function": "minecraft:set_lore",	
							"mode": "replace_all",
							"entity": "this",
							"lore": [
								{
									"text": "'I'm here to cause problems'",
									"color": "#9D9D9D",
									"italic": false
								}
							]
						}
					]
				},
				{
					"type": "minecraft:item",
					"name": "minecraft:player_head",
					"functions": [
						{
							"function": "minecraft:set_components",
							"components": {
								"minecraft:profile": {
									"id": [-689664651,-2091890480,-1935302422,755192641]
								},
								"minecraft:custom_data": "{stellarity.head_id:85,stellarity.special_item:\"treasure_head\"}"
							}
						},
						{
							"function": "minecraft:set_lore",	
							"mode": "replace_all",
							"entity": "this",
							"lore": [
								{
									"text": "'Hello people's'",
									"color": "#9D9D9D",
									"italic": false
								}
							]
						}
					]
				},
				{
					"type": "minecraft:item",
					"name": "minecraft:player_head",
					"functions": [
						{
							"function": "minecraft:set_components",
							"components": {
								"minecraft:profile": {
									"id": [-1985856675,1794785535,-1988501656,-1435282787]
								},
								"minecraft:custom_data": "{stellarity.head_id:86,stellarity.special_item:\"treasure_head\"}"
							}
						},
						{
							"function": "minecraft:set_lore",	
							"mode": "replace_all",
							"entity": "this",
							"lore": [
								{
									"text": "'let me she/them TTs'",
									"color": "#9D9D9D",
									"italic": false
								}
							]
						}
					]
				},
				{
					"type": "minecraft:item",
					"name": "minecraft:player_head",
					"functions": [
						{
							"function": "minecraft:set_components",
							"components": {
								"minecraft:profile": {
									"id": [803197683,-737852741,-2043390875,-1435763765]
								},
								"minecraft:custom_data": "{stellarity.head_id:87,stellarity.special_item:\"treasure_head\"}"
							}
						},
						{
							"function": "minecraft:set_lore",	
							"mode": "replace_all",
							"entity": "this",
							"lore": [
								{
									"text": "'Gogcord my beloved'",
									"color": "#9D9D9D",
									"italic": false
								}
							]
						}
					]
				},
				{
					"type": "minecraft:item",
					"name": "minecraft:player_head",
					"functions": [
						{
							"function": "minecraft:set_components",
							"components": {
								"minecraft:profile": {
									"id": [-1575532623,1518160063,-2112801723,-909080186]
								},
								"minecraft:custom_data": "{stellarity.head_id:88,stellarity.special_item:\"treasure_head\"}"
							}
						},
						{
							"function": "minecraft:set_lore",	
							"mode": "replace_all",
							"entity": "this",
							"lore": [
								{
									"text": "'won't split when killed'",
									"color": "#9D9D9D",
									"italic": false
								}
							]
						}
					]
				},
				{
					"type": "minecraft:item",
					"name": "minecraft:player_head",
					"functions": [
						{
							"function": "minecraft:set_components",
							"components": {
								"minecraft:profile": {
									"id": [2059822993,1227505980,-2096506416,-48156943]
								},
								"minecraft:custom_data": "{stellarity.head_id:89,stellarity.special_item:\"treasure_head\"}"
							}
						},
						{
							"function": "minecraft:set_lore",	
							"mode": "replace_all",
							"entity": "this",
							"lore": [
								{
									"text": "'Hola! Me piderion que escriba algo...'",
									"color": "#9D9D9D",
									"italic": false
								}
							]
						}
					]
				},
				{
					"type": "minecraft:item",
					"name": "minecraft:player_head",
					"functions": [
						{
							"function": "minecraft:set_components",
							"components": {
								"minecraft:profile": {
									"id": [-1618746484,-637514926,-2113043953,-256104719]
								},
								"minecraft:custom_data": "{stellarity.head_id:90,stellarity.special_item:\"treasure_head\"}"
							}
						},
						{
							"function": "minecraft:set_lore",	
							"mode": "replace_all",
							"entity": "this",
							"lore": [
								{
									"text": "'The shark will rise from his slumber'",
									"color": "#9D9D9D",
									"italic": false
								}
							]
						}
					]
				},
				{
					"type": "minecraft:item",
					"name": "minecraft:player_head",
					"functions": [
						{
							"function": "minecraft:set_components",
							"components": {
								"minecraft:profile": {
									"id": [1626812677,-467580307,-1227508234,1706950574]
								},
								"minecraft:custom_data": "{stellarity.head_id:91,stellarity.special_item:\"treasure_head\"}"
							}
						},
						{
							"function": "minecraft:set_lore",	
							"mode": "replace_all",
							"entity": "this",
							"lore": [
								{
									"text": "'Back in my day it was called end expansion'",
									"color": "#9D9D9D",
									"italic": false
								}
							]
						}
					]
				},
				{
					"type": "minecraft:item",
					"name": "minecraft:player_head",
					"functions": [
						{
							"function": "minecraft:set_components",
							"components": {
								"minecraft:profile": {
									"id": [-1865127409,22298892,-1619505166,-925861878]
								},
								"minecraft:custom_data": "{stellarity.head_id:92,stellarity.special_item:\"treasure_head\"}"
							}
						},
						{
							"function": "minecraft:set_lore",	
							"mode": "replace_all",
							"entity": "this",
							"lore": [
								{
									"text": "'I am the one who falls into the void'",
									"color": "#9D9D9D",
									"italic": false
								}
							]
						}
					]
				},
				{
					"type": "minecraft:item",
					"name": "minecraft:player_head",
					"functions": [
						{
							"function": "minecraft:set_components",
							"components": {
								"minecraft:profile": {
									"id": [-1149110378,1900432901,-2121605043,1821138809]
								},
								"minecraft:custom_data": "{stellarity.head_id:93,stellarity.special_item:\"treasure_head\"}"
							}
						},
						{
							"function": "minecraft:set_lore",	
							"mode": "replace_all",
							"entity": "this",
							"lore": [
								[
									{
										"text": "'",
										"color": "#9D9D9D",
										"italic": false
									},
									{
										"text": "§a§lхто тримає цей район?",
										"color": "green",
										"bold": true,
										"italic": false
									}
								],
								{
									"text": "насправді, безліч інших псів та людей,",
									"color": "#9D9D9D",
									"bold": true,
									"italic": false,
									"underlined": true
								},
								[
									{
										"text": "від яких залежить твоя безпека§r",
										"color": "#9D9D9D",
										"bold": true,
										"italic": false,
										"underlined": true
									},
									{
										"text": "'",
										"color": "#9D9D9D",
										"italic": false
									}
								]
							]
						}
					]
				},
				{
					"type": "minecraft:item",
					"name": "minecraft:player_head",
					"functions": [
						{
							"function": "minecraft:set_components",
							"components": {
								"minecraft:profile": {
									"id": [817692190,468927973,-1519820047,545655437]
								},
								"minecraft:custom_data": "{stellarity.head_id:94,stellarity.special_item:\"treasure_head\"}"
							}
						},
						{
							"function": "minecraft:set_lore",	
							"mode": "replace_all",
							"entity": "this",
							"lore": [
								{
									"text": "'Zombiie12 I will be waiting >;)'",
									"color": "#9D9D9D",
									"italic": false
								}
							]
						}
					]
				},
				{
					"type": "minecraft:item",
					"name": "minecraft:player_head",
					"functions": [
						{
							"function": "minecraft:set_components",
							"components": {
								"minecraft:profile": {
									"id": [1985875473,-515552800,-1754550741,1335528901]
								},
								"minecraft:custom_data": "{stellarity.head_id:95,stellarity.special_item:\"treasure_head\"}"
							}
						},
						{
							"function": "minecraft:set_lore",	
							"mode": "replace_all",
							"entity": "this",
							"lore": [
								{
									"text": "'you might be a smart fella,",
									"color": "#9D9D9D",
									"italic": false
								},
								{
									"text": "but ya ain't fart smella'",
									"color": "#9D9D9D",
									"italic": false
								}
							]
						}
					]
				},
				{
					"type": "minecraft:item",
					"name": "minecraft:player_head",
					"functions": [
						{
							"function": "minecraft:set_components",
							"components": {
								"minecraft:profile": {
									"id": [-534436372,1894270822,-1956072296,-1809642356]
								},
								"minecraft:custom_data": "{stellarity.head_id:96,stellarity.special_item:\"treasure_head\"}"
							}
						},
						{
							"function": "minecraft:set_lore",	
							"mode": "replace_all",
							"entity": "this",
							"lore": [
								{
									"text": "'a little dumb.'",
									"color": "#9D9D9D",
									"italic": false
								}
							]
						}
					]
				},
				{
					"type": "minecraft:item",
					"name": "minecraft:player_head",
					"functions": [
						{
							"function": "minecraft:set_components",
							"components": {
								"minecraft:profile": {
									"id": [-1965732525,1518226575,-1698811986,578227151]
								},
								"minecraft:custom_data": "{stellarity.head_id:97,stellarity.special_item:\"treasure_head\"}"
							}
						},
						{
							"function": "minecraft:set_lore",	
							"mode": "replace_all",
							"entity": "this",
							"lore": [
								{
									"text": "'Hey guys it's me, Earl'",
									"color": "#9D9D9D",
									"italic": false
								}
							]
						}
					]
				},
				{
					"type": "minecraft:item",
					"name": "minecraft:player_head",
					"functions": [
						{
							"function": "minecraft:set_components",
							"components": {
								"minecraft:profile": {
									"id": [1144216711,-1904524262,-1122823433,-1583122999]
								},
								"minecraft:custom_data": "{stellarity.head_id:98,stellarity.special_item:\"treasure_head\"}"
							}
						},
						{
							"function": "minecraft:set_lore",	
							"mode": "replace_all",
							"entity": "this",
							"lore": [
								{
									"text": "'Skull of a... weird cat?'",
									"color": "#9D9D9D",
									"italic": false
								}
							]
						}
					]
				},
				{
					"type": "minecraft:item",
					"name": "minecraft:player_head",
					"functions": [
						{
							"function": "minecraft:set_components",
							"components": {
								"minecraft:profile": {
									"id": [-1533747814,-149404096,-2137280171,1313655403]
								},
								"minecraft:custom_data": "{stellarity.head_id:99,stellarity.special_item:\"treasure_head\"}"
							}
						},
						{
							"function": "minecraft:set_lore",	
							"mode": "replace_all",
							"entity": "this",
							"lore": [
								{
									"text": "'The unlikeliest of llamas...'",
									"color": "#9D9D9D",
									"italic": false
								}
							]
						}
					]
				},
				{
					"type": "minecraft:item",
					"name": "minecraft:player_head",
					"functions": [
						{
							"function": "minecraft:set_components",
							"components": {
								"minecraft:profile": {
									"id": [-376014619,-1961474719,-1807842406,-1284268560]
								},
								"minecraft:custom_data": "{stellarity.head_id:100,stellarity.special_item:\"treasure_head\"}"
							}
						},
						{
							"function": "minecraft:set_lore",	
							"mode": "replace_all",
							"entity": "this",
							"lore": [
								{
									"text": "'Oh look its you!'",
									"color": "#9D9D9D",
									"italic": false
								}
							]
						}
					]
				},
				{
					"type": "minecraft:item",
					"name": "minecraft:player_head",
					"functions": [
						{
							"function": "minecraft:set_components",
							"components": {
								"minecraft:profile": {
									"id": [1773018925,-2085992341,-1678241017,1254221489]
								},
								"minecraft:custom_data": "{stellarity.head_id:101,stellarity.special_item:\"treasure_head\"}"
							}
						},
						{
							"function": "minecraft:set_lore",	
							"mode": "replace_all",
							"entity": "this",
							"lore": [
								{
									"text": "'If the code works, don't touch it.'",
									"color": "#9D9D9D",
									"italic": false
								}
							]
						}
					]
				},
				{
					"type": "minecraft:item",
					"name": "minecraft:player_head",
					"functions": [
						{
							"function": "minecraft:set_components",
							"components": {
								"minecraft:profile": {
									"id": [801077454,1748254902,-1384227610,-645278338]
								},
								"minecraft:custom_data": "{stellarity.head_id:102,stellarity.special_item:\"treasure_head\"}"
							}
						},
						{
							"function": "minecraft:set_lore",	
							"mode": "replace_all",
							"entity": "this",
							"lore": [
								{
									"text": "'The world is full of magic go out and find it'",
									"color": "#9D9D9D",
									"italic": false
								}
							]
						}
					]
				},
				{
					"type": "minecraft:item",
					"name": "minecraft:player_head",
					"functions": [
						{
							"function": "minecraft:set_components",
							"components": {
								"minecraft:profile": {
									"id": [1048230116,739919111,-1725426996,-1383741556]
								},
								"minecraft:custom_data": "{stellarity.head_id:103,stellarity.special_item:\"treasure_head\"}"
							}
						},
						{
							"function": "minecraft:set_lore",	
							"mode": "replace_all",
							"entity": "this",
							"lore": [
								{
									"text": "'This head is Panthastic! Or maybe not...'",
									"color": "#9D9D9D",
									"italic": false
								}
							]
						}
					]
				},
				{
					"type": "minecraft:item",
					"name": "minecraft:player_head",
					"functions": [
						{
							"function": "minecraft:set_components",
							"components": {
								"minecraft:profile": {
									"id": [1071643049,-470269724,-1901616494,1327148590]
								},
								"minecraft:custom_data": "{stellarity.head_id:104,stellarity.special_item:\"treasure_head\"}"
							}
						},
						{
							"function": "minecraft:set_lore",	
							"mode": "replace_all",
							"entity": "this",
							"lore": [
								{
									"text": "'We ride the lines'",
									"color": "#9D9D9D",
									"italic": false
								}
							]
						}
					]
				},
				{
					"type": "minecraft:item",
					"name": "minecraft:player_head",
					"functions": [
						{
							"function": "minecraft:set_components",
							"components": {
								"minecraft:profile": {
									"id": [-144895690,-565883507,-1782624086,-1108750344]
								},
								"minecraft:custom_data": "{stellarity.head_id:105,stellarity.special_item:\"treasure_head\"}"
							}
						},
						{
							"function": "minecraft:set_lore",	
							"mode": "replace_all",
							"entity": "this",
							"lore": [
								{
									"text": "'thinking about sculk.......'",
									"color": "#9D9D9D",
									"italic": false
								}
							]
						}
					]
				},
				{
					"type": "minecraft:item",
					"name": "minecraft:player_head",
					"functions": [
						{
							"function": "minecraft:set_components",
							"components": {
								"minecraft:profile": {
									"id": [-1104600955,-1020573609,-1986344396,453649394]
								},
								"minecraft:custom_data": "{stellarity.head_id:106,stellarity.special_item:\"treasure_head\"}"
							}
						},
						{
							"function": "minecraft:set_lore",	
							"mode": "replace_all",
							"entity": "this",
							"lore": [
								{
									"text": "'thinking about moss.......'",
									"color": "#9D9D9D",
									"italic": false
								}
							]
						}
					]
				},
				{
					"type": "minecraft:item",
					"name": "minecraft:player_head",
					"functions": [
						{
							"function": "minecraft:set_components",
							"components": {
								"minecraft:profile": {
									"id": [1373693692,785337570,-1517218128,1358434870]
								},
								"minecraft:custom_data": "{stellarity.head_id:107,stellarity.special_item:\"treasure_head\"}"
							}
						},
						{
							"function": "minecraft:set_lore",	
							"mode": "replace_all",
							"entity": "this",
							"lore": [
								{
									"text": "'actually, there is no chicken'",
									"color": "#9D9D9D",
									"italic": false
								}
							]
						}
					]
				},
				{
					"type": "minecraft:item",
					"name": "minecraft:player_head",
					"functions": [
						{
							"function": "minecraft:set_components",
							"components": {
								"minecraft:profile": {
									"id": [969246851,-397915261,-1852593129,-1645118024]
								},
								"minecraft:custom_data": "{stellarity.head_id:108,stellarity.special_item:\"treasure_head\"}"
							}
						},
						{
							"function": "minecraft:set_lore",	
							"mode": "replace_all",
							"entity": "this",
							"lore": [
								{
									"text": "'Pain is just another name of warden'",
									"color": "#9D9D9D",
									"italic": false
								}
							]
						}
					]
				},
				{
					"type": "minecraft:item",
					"name": "minecraft:player_head",
					"functions": [
						{
							"function": "minecraft:set_components",
							"components": {
								"minecraft:profile": {
									"id": [-1724464031,-765899860,-1227801016,-1955283697]
								},
								"minecraft:custom_data": "{stellarity.head_id:109,stellarity.special_item:\"treasure_head\"}"
							}
						},
						{
							"function": "minecraft:set_lore",	
							"mode": "replace_all",
							"entity": "this",
							"lore": [
								{
									"text": "'Demaciaaaaa'",
									"color": "#9D9D9D",
									"italic": false
								}
							]
						}
					]
				},
				{
					"type": "minecraft:item",
					"name": "minecraft:player_head",
					"functions": [
						{
							"function": "minecraft:set_components",
							"components": {
								"minecraft:profile": {
									"id": [-1514151116,-33274049,-2113059766,408883235]
								},
								"minecraft:custom_data": "{stellarity.head_id:110,stellarity.special_item:\"treasure_head\"}"
							}
						},
						{
							"function": "minecraft:set_lore",	
							"mode": "replace_all",
							"entity": "this",
							"lore": [
								{
									"text": "'fsrzwiP shwzS or vgiP'",
									"color": "#9D9D9D",
									"italic": false
								}
							]
						}
					]
				},
				{
					"type": "minecraft:item",
					"name": "minecraft:player_head",
					"functions": [
						{
							"function": "minecraft:set_components",
							"components": {
								"minecraft:profile": {
									"id": [-10103758,-2027339176,-1211861403,-2061094822]
								},
								"minecraft:custom_data": "{stellarity.head_id:111,stellarity.special_item:\"treasure_head\"}"
							}
						},
						{
							"function": "minecraft:set_lore",	
							"mode": "replace_all",
							"entity": "this",
							"lore": [
								{
									"text": "'Yes... that's 12 H's'",
									"color": "#9D9D9D",
									"italic": false
								}
							]
						}
					]
				},
				{
					"type": "minecraft:item",
					"name": "minecraft:player_head",
					"functions": [
						{
							"function": "minecraft:set_components",
							"components": {
								"minecraft:profile": {
									"id": [1605857588,-1916187019,-2051450908,133269005]
								},
								"minecraft:custom_data": "{stellarity.head_id:112,stellarity.special_item:\"treasure_head\"}"
							}
						},
						{
							"function": "minecraft:set_lore",	
							"mode": "replace_all",
							"entity": "this",
							"lore": [
								{
									"text": "'got a swiss cheese brain and",
									"color": "#9D9D9D",
									"italic": false
								},
								{
									"text": "I hope that it's apparent'",
									"color": "#9D9D9D",
									"italic": false
								}
							]
						}
					]
				},
				{
					"type": "minecraft:item",
					"name": "minecraft:player_head",
					"functions": [
						{
							"function": "minecraft:set_components",
							"components": {
								"minecraft:profile": {
									"id": [2086710860,-1647358714,-1154235477,1502053215]
								},
								"minecraft:custom_data": "{stellarity.head_id:113,stellarity.special_item:\"treasure_head\"}"
							}
						},
						{
							"function": "minecraft:set_lore",	
							"mode": "replace_all",
							"entity": "this",
							"lore": [
								{
									"text": "'The cake is a lie'",
									"color": "#9D9D9D",
									"italic": false
								}
							]
						}
					]
				},
				{
					"type": "minecraft:item",
					"name": "minecraft:player_head",
					"functions": [
						{
							"function": "minecraft:set_components",
							"components": {
								"minecraft:profile": {
									"id": [-1166307880,-244692331,-1298604618,1821835066]
								},
								"minecraft:custom_data": "{stellarity.head_id:114,stellarity.special_item:\"treasure_head\"}"
							}
						},
						{
							"function": "minecraft:set_lore",	
							"mode": "replace_all",
							"entity": "this",
							"lore": [
								{
									"text": "'lore'",
									"color": "#9D9D9D",
									"italic": false
								}
							]
						}
					]
				},
				{
					"type": "minecraft:item",
					"name": "minecraft:player_head",
					"functions": [
						{
							"function": "minecraft:set_components",
							"components": {
								"minecraft:profile": {
									"id": [192287289,-2091499493,-1358339575,-1793741182]
								},
								"minecraft:custom_data": "{stellarity.head_id:115,stellarity.special_item:\"treasure_head\"}"
							}
						},
						{
							"function": "minecraft:set_lore",	
							"mode": "replace_all",
							"entity": "this",
							"lore": [
								{
									"text": "'Meow'",
									"color": "#9D9D9D",
									"italic": false
								}
							]
						}
					]
				},
				{
					"type": "minecraft:item",
					"name": "minecraft:player_head",
					"functions": [
						{
							"function": "minecraft:set_components",
							"components": {
								"minecraft:profile": {
									"id": [2082433709,729958486,-1083284223,-1287037745]
								},
								"minecraft:custom_data": "{stellarity.head_id:116,stellarity.special_item:\"treasure_head\"}"
							}
						},
						{
							"function": "minecraft:set_lore",	
							"mode": "replace_all",
							"entity": "this",
							"lore": [
								{
									"text": "'The price for freedom is paid in souls'",
									"color": "#9D9D9D",
									"italic": false
								}
							]
						}
					]
				},
				{
					"type": "minecraft:item",
					"name": "minecraft:player_head",
					"functions": [
						{
							"function": "minecraft:set_components",
							"components": {
								"minecraft:profile": {
									"id": [1281986702,831737635,-2060381647,-1040682201]
								},
								"minecraft:custom_data": "{stellarity.head_id:117,stellarity.special_item:\"treasure_head\"}"
							}
						},
						{
							"function": "minecraft:set_lore",	
							"mode": "replace_all",
							"entity": "this",
							"lore": [
								{
									"text": "'Shut up and restart. Not a bug.'",
									"color": "#9D9D9D",
									"italic": false
								}
							]
						}
					]
				},
				{
					"type": "minecraft:item",
					"name": "minecraft:player_head",
					"functions": [
						{
							"function": "minecraft:set_components",
							"components": {
								"minecraft:profile": {
									"id": [-1073755820,789008108,-1673640641,74177136]
								},
								"minecraft:custom_data": "{stellarity.head_id:118,stellarity.special_item:\"treasure_head\"}"
							}
						},
						{
							"function": "minecraft:set_lore",	
							"mode": "replace_all",
							"entity": "this",
							"lore": [
								{
									"text": "'How did I get here?'",
									"color": "#9D9D9D",
									"italic": false
								}
							]
						}
					]
				},
				{
					"type": "minecraft:item",
					"name": "minecraft:player_head",
					"functions": [
						{
							"function": "minecraft:set_components",
							"components": {
								"minecraft:profile": {
									"id": [1294655980,546129303,-1161471052,1597151803]
								},
								"minecraft:custom_data": "{stellarity.head_id:119,stellarity.special_item:\"treasure_head\"}"
							}
						},
						{
							"function": "minecraft:set_lore",	
							"mode": "replace_all",
							"entity": "this",
							"lore": [
								{
									"text": "'Yahaha! You found me!'",
									"color": "#9D9D9D",
									"italic": false
								}
							]
						}
					]
				},
				{
					"type": "minecraft:item",
					"name": "minecraft:player_head",
					"functions": [
						{
							"function": "minecraft:set_components",
							"components": {
								"minecraft:profile": {
									"id": [-485006507,760040334,-2060835928,-1247416221]
								},
								"minecraft:custom_data": "{stellarity.head_id:120,stellarity.special_item:\"treasure_head\"}"
							}
						},
						{
							"function": "minecraft:set_lore",	
							"mode": "replace_all",
							"entity": "this",
							"lore": [
								{
									"text": "'i use arch btw'",
									"color": "#9D9D9D",
									"italic": false
								}
							]
						}
					]
				},
				{
					"type": "minecraft:item",
					"name": "minecraft:player_head",
					"functions": [
						{
							"function": "minecraft:set_components",
							"components": {
								"minecraft:profile": {
									"id": [-1933345170,762661628,-1576695219,-1627778889]
								},
								"minecraft:custom_data": "{stellarity.head_id:121,stellarity.special_item:\"treasure_head\"}"
							}
						},
						{
							"function": "minecraft:set_lore",	
							"mode": "replace_all",
							"entity": "this",
							"lore": [
								{
									"text": "'Opps! You got a head again.'",
									"color": "#9D9D9D",
									"italic": false
								}
							]
						}
					]
				},
				{
					"type": "minecraft:item",
					"name": "minecraft:player_head",
					"functions": [
						{
							"function": "minecraft:set_components",
							"components": {
								"minecraft:profile": {
									"id": [-633386051,-1277869246,-2005652547,1550339938]
								},
								"minecraft:custom_data": "{stellarity.head_id:122,stellarity.special_item:\"treasure_head\"}"
							}
						},
						{
							"function": "minecraft:set_lore",	
							"mode": "replace_all",
							"entity": "this",
							"lore": [
								{
									"text": "'I don't believe it so'",
									"color": "#9D9D9D",
									"italic": false
								}
							]
						}
					]
				},
				{
					"type": "minecraft:item",
					"name": "minecraft:player_head",
					"functions": [
						{
							"function": "minecraft:set_components",
							"components": {
								"minecraft:profile": {
									"id": [-1664014342,1455311862,-1637101016,274516605]
								},
								"minecraft:custom_data": "{stellarity.head_id:123,stellarity.special_item:\"treasure_head\"}"
							}
						},
						{
							"function": "minecraft:set_lore",	
							"mode": "replace_all",
							"entity": "this",
							"lore": [
								{
									"text": "'Not a furry I swear'",
									"color": "#9D9D9D",
									"italic": false
								}
							]
						}
					]
				},
				{
					"type": "minecraft:item",
					"name": "minecraft:player_head",
					"functions": [
						{
							"function": "minecraft:set_components",
							"components": {
								"minecraft:profile": {
									"id": [370778760,1334133975,-1677106250,-879212063]
								},
								"minecraft:custom_data": "{stellarity.head_id:124,stellarity.special_item:\"treasure_head\"}"
							}
						},
						{
							"function": "minecraft:set_lore",	
							"mode": "replace_all",
							"entity": "this",
							"lore": [
								{
									"text": "'only for toxic people...",
									"color": "#9D9D9D",
									"italic": false
								},
								{
									"text": "wait am I toxic?",
									"color": "#9D9D9D",
									"italic": false
								},
								{
									"text": "are you?'",
									"color": "#9D9D9D",
									"italic": false
								}
							]
						}
					]
				},
				{
					"type": "minecraft:item",
					"name": "minecraft:player_head",
					"functions": [
						{
							"function": "minecraft:set_components",
							"components": {
								"minecraft:profile": {
									"id": [-693654995,-650361736,-1101470718,-143243853]
								},
								"minecraft:custom_data": "{stellarity.head_id:125,stellarity.special_item:\"treasure_head\"}"
							}
						},
						{
							"function": "minecraft:set_lore",	
							"mode": "replace_all",
							"entity": "this",
							"lore": [
								{
									"text": "'IN_FISH_WATER=true",
									"color": "#9D9D9D",
									"italic": false
								},
								{
									"text": "then Dolphins do spawn?'",
									"color": "#9D9D9D",
									"italic": false
								}
							]
						}
					]
				},
				{
					"type": "minecraft:item",
					"name": "minecraft:player_head",
					"functions": [
						{
							"function": "minecraft:set_components",
							"components": {
								"minecraft:profile": {
									"id": [715959551,-628668664,-1542623181,221284560]
								},
								"minecraft:custom_data": "{stellarity.head_id:126,stellarity.special_item:\"treasure_head\"}"
							}
						},
						{
							"function": "minecraft:set_lore",	
							"mode": "replace_all",
							"entity": "this",
							"lore": [
								{
									"text": "'When you look into the abyss,",
									"color": "#9D9D9D",
									"italic": false
								},
								{
									"text": "the abyss looks into you.'",
									"color": "#9D9D9D",
									"italic": false
								}
							]
						}
					]
				},
				{
					"type": "minecraft:item",
					"name": "minecraft:player_head",
					"functions": [
						{
							"function": "minecraft:set_components",
							"components": {
								"minecraft:profile": {
									"name": "Lyzardex"
								},
								"minecraft:custom_data": "{stellarity.head_id:127,stellarity.special_item:\"treasure_head\"}"
							}
						},
						{
							"function": "minecraft:set_lore",	
							"mode": "replace_all",
							"entity": "this",
							"lore": [
								{
									"text": "'Not a fucking lizard'",
									"color": "#9D9D9D",
									"italic": false
								}
							]
						}
					]
				},
				{
					"type": "minecraft:item",
					"name": "minecraft:player_head",
					"functions": [
						{
							"function": "minecraft:set_components",
							"components": {
								"minecraft:profile": {
									"name": "UVT",
									"id": [
										1436743751,
										-965061441,
										-1458074187,
										-1920209375
									],
									"properties": [
										{
											"name": "textures",
											"value": "e3RleHR1cmVzOntTS0lOOnt1cmw6Imh0dHA6Ly90ZXh0dXJlcy5taW5lY3JhZnQubmV0L3RleHR1cmUvY2Q2ZTZmOWIyYWM2MDk5YmNmZjI2YWQ2ZmY0OWVkM2RmYjdiYmY5ZGI3MTMzMDljYTU4ZjQyYTBlNDA4YTkyNSJ9fX0="
										}
									]
								},
								"minecraft:custom_data": "{stellarity.head_id:128,stellarity.special_item:\"treasure_head\"}"
							}
						},
						{
							"function": "minecraft:set_lore",	
							"mode": "replace_all",
							"entity": "this",
							"lore": [
								{
									"text": "'Memaybeo'",
									"color": "#9D9D9D",
									"italic": false
								}
							]
						}
					]
				},
				{
					"type": "minecraft:item",
					"name": "minecraft:player_head",
					"functions": [
						{
							"function": "minecraft:set_components",
							"components": {
								"minecraft:profile": {
									"id": [-1303161534,809780857,-1890740801,-1694355331]
								},
								"minecraft:custom_data": "{stellarity.head_id:129,stellarity.special_item:\"treasure_head\"}"
							}
						},
						{
							"function": "minecraft:set_lore",	
							"mode": "replace_all",
							"entity": "this",
							"lore": [
								{
									"text": "'If a tree falls in the forest",
									"color": "#9D9D9D",
									"italic": false
								},
								{
									"text": "without anybody nearby, it still",
									"color": "#9D9D9D",
									"italic": false
								},
								{
									"text": "makes a sound you idiots.'",
									"color": "#9D9D9D",
									"italic": false
								}
							]
						}
					]
				},
				{
					"type": "minecraft:item",
					"name": "minecraft:player_head",
					"functions": [
						{
							"function": "minecraft:set_components",
							"components": {
								"minecraft:profile": {
									"id": [696031710,-958510687,-1453211506,1924461304]
								},
								"minecraft:custom_data": "{stellarity.head_id:130,stellarity.special_item:\"treasure_head\"}"
							}
						},
						{
							"function": "minecraft:set_lore",	
							"mode": "replace_all",
							"entity": "this",
							"lore": [
								{
									"text": "'gg wp'",
									"color": "#9D9D9D",
									"italic": false
								}
							]
						}
					]
				},
				{
					"type": "minecraft:item",
					"name": "minecraft:player_head",
					"functions": [
						{
							"function": "minecraft:set_components",
							"components": {
								"minecraft:profile": {
									"id": [27155384,511984526,-1569466387,1879062001]
								},
								"minecraft:custom_data": "{stellarity.head_id:131,stellarity.special_item:\"treasure_head\"}"
							}
						},
						{
							"function": "minecraft:set_lore",	
							"mode": "replace_all",
							"entity": "this",
							"lore": [
								{
									"text": "'fetus deletus'",
									"color": "#9D9D9D",
									"italic": false
								}
							]
						}
					]
				},
				{
					"type": "minecraft:item",
					"name": "minecraft:player_head",
					"functions": [
						{
							"function": "minecraft:set_components",
							"components": {
								"minecraft:profile": {
									"id": [700547327,286541905,-1894942150,-493060903]
								},
								"minecraft:custom_data": "{stellarity.head_id:132,stellarity.special_item:\"treasure_head\"}"
							}
						},
						{
							"function": "minecraft:set_lore",	
							"mode": "replace_all",
							"entity": "this",
							"lore": [
								{
									"text": "'Even God's favorite farmer goes to hell'",
									"color": "#9D9D9D",
									"italic": false
								}
							]
						}
					]
				},
				{
					"type": "minecraft:item",
					"name": "minecraft:player_head",
					"functions": [
						{
							"function": "minecraft:set_components",
							"components": {
								"minecraft:profile": {
									"id": [20582662,1174882752,-2025190138,-88168550]
								},
								"minecraft:custom_data": "{stellarity.head_id:133,stellarity.special_item:\"treasure_head\"}"
							}
						},
						{
							"function": "minecraft:set_lore",	
							"mode": "replace_all",
							"entity": "this",
							"lore": [
								{
									"text": "'Fate is just like a dice.'",
									"color": "#9D9D9D",
									"italic": false
								}
							]
						}
					]
				}
			],
			"conditions": []
		}
	]
}
