{
	"type": "minecraft:entity",
	"pools": [
		{
			"rolls": 1,
			"bonus_rolls": 0,
			"entries": [
				{
					"type": "minecraft:item",
					"name": "minecraft:ender_pearl"
				}
			],
			"functions": [
				{
					"function": "minecraft:set_count",
					"count": {
						"min": 0,
						"max": 1
					}
				},
				{
					"function": "minecraft:enchanted_count_increase",
					"enchantment": "minecraft:looting",
					"count": {
						"min": 0,
						"max": 1
					}
				}
			]
		},
		{
			"rolls": 1,
			"entries": [
				{
					"type": "minecraft:item",
					"name": "minecraft:ender_eye",
					"conditions": [
						{
							"condition": "minecraft:random_chance",
							"chance": 0.2
						}
					]
				}
			],
			"conditions": [
				{
					"condition": "minecraft:location_check",
					"predicate": {
						"dimension": "minecraft:the_end"
					}
				}
			]
		},
		{
			"rolls": 1,
			"entries": [
				{
					"type": "minecraft:item",
					"name": "minecraft:dragon_breath",
					"conditions": [
						{
							"condition": "minecraft:random_chance",
							"chance": 0.01
						}
					]
				}
			],
			"conditions": [
				{
					"condition": "minecraft:location_check",
					"predicate": {
						"dimension": "minecraft:the_end"
					}
				}
			]
		}
	]
}