{
	"type": "minecraft:archaeology",
	"pools": [
		{
			"rolls": 1,
			"bonus_rolls": 0,
			"entries": [
				{
					"type": "minecraft:item",
					"name": "minecraft:arms_up_pottery_sherd",
					"weight": 2
				},
				{
					"type": "minecraft:item",
					"name": "minecraft:brewer_pottery_sherd",
					"weight": 2
				},
				{
					"type": "minecraft:item",
					"name": "minecraft:burn_pottery_sherd",
					"weight": 2
				},
				{
					"type": "minecraft:item",
					"weight": 2,
					"name": "minecraft:dune_armor_trim_smithing_template"
				}
			]
		}
	]
}
