{
  "pools": [
    {
      "rolls": {
        "min": 3,
        "max": 5
      },
      "entries": [
        {
          "type": "minecraft:item",
          "name": "minecraft:torchflower_seeds"
        },
        {
          "type": "minecraft:item",
          "name": "minecraft:pink_petals",
          "functions": [
            {
              "function": "minecraft:set_count",
              "count": {
                "min": 1,
                "max": 2
              }
            }
          ]
        },
        {
          "type": "minecraft:item",
          "name": "minecraft:pitcher_pod"
        }
      ]
    },
    {
      "rolls": {
        "min": 0,
        "max": 1
      },
      "entries": [
        {
          "type": "minecraft:item",
          "weight": 9,
          "name": "minecraft:diamond_hoe",
          "functions": [
            {
              "function": "minecraft:set_damage",
              "damage": {
                "min": 0.3,
                "max": 0.79
              }
            }
          ]
        }
      ]
    },
    {
      "rolls": 1,
      "entries": [
        {
          "type": "minecraft:item",
          "name": "minecraft:shears",
          "functions": [
            {
              "function": "minecraft:set_damage",
              "damage": {
                "min": 0.33,
                "max": 0.7
              }
            }
          ]
        }
      ]
    },
    {
      "rolls": {
        "min": -2,
        "max": 1
      },
      "entries": [
        {
          "type": "minecraft:item",
          "name": "minecraft:book",
          "functions": [
            {
              "function": "minecraft:enchant_randomly",
              "options": [
                "minecraft:feather_falling",
                "minecraft:efficiency"
              ]
            }
          ]
        }
      ]
    }
  ]
}