{
	"pools": [
		{
			"rolls": 1,
			"entries": [
				{
					"type": "minecraft:item",
					"name": "minecraft:crossbow",
					"functions": [
						{
							"function": "minecraft:set_damage",
							"damage": {
								"min": 0.4,
								"max": 1
							}
						},
						{
							"function": "minecraft:enchant_randomly",
							"options": [
								"minecraft:quick_charge",
								"minecraft:piercing"
							]
						}
					]
				}
			],
			"conditions": [
				{
					"condition": "minecraft:random_chance",
					"chance": 0.5
				}
			]
		}
	]
}
