{
	"pools": [
		{
			"rolls": 1,
			"entries": [
				{
					"type": "minecraft:item",
					"weight": 4,
					"name": "minecraft:iron_axe",
					"functions": [
						{
							"function": "minecraft:set_damage",
							"damage": {
								"min": 0.4,
								"max": 0.8
							}
						},
						{
							"function": "minecraft:enchant_randomly",
							"options": [
								"minecraft:sharpness"
							]
						}
					]
				},
				{
					"type": "minecraft:item",
					"name": "minecraft:golden_axe",
					"functions": [
						{
							"function": "minecraft:set_damage",
							"damage": {
								"min": 0.4,
								"max": 0.8
							}
						},
						{
							"function": "minecraft:enchant_randomly",
							"options": [
								"minecraft:sharpness"
							]
						}
					]
				},
				{
					"type": "minecraft:item",
					"name": "minecraft:diamond_axe",
					"functions": [
						{
							"function": "minecraft:set_damage",
							"damage": {
								"min": 0.2,
								"max": 0.4
							}
						},
						{
							"function": "minecraft:enchant_randomly",
							"options": [
								"minecraft:sharpness"
							]
						}
					]
				}
			],
			"conditions": [
				{
					"condition": "minecraft:random_chance",
					"chance": 0.5
				}
			]
		}
	]
}
