{
	"pools": [
		{
			"rolls": 1,
			"entries": [
				{
					"type": "minecraft:item",
					"name": "minecraft:gold_ingot",
					"weight": 6
				},
				{
					"type": "minecraft:item",
					"name": "minecraft:emerald",
					"weight": 6,
					"functions": [
						{
							"function": "minecraft:set_count",
							"count": {
								"min": 1,
								"max": 3
							}
						}
					]
				},
				{
					"type": "minecraft:item",
					"name": "minecraft:diamond",
					"weight": 2
				}
			]
		}
	]
}
