{
	"condition": "minecraft:any_of",
	"terms": [
		{
			"condition": "minecraft:entity_properties",
			"entity": "this",
			"predicate": {
				"equipment": {
					"mainhand": {
						"items": [
							"minecraft:shield"
						],
						"predicates":{ "minecraft:custom_data": "{stellarity.special_item:\"crest_of_the_end\"}"}
					}
				}
			}
		},
        {
			"condition": "minecraft:entity_properties",
			"entity": "this",
			"predicate": {
				"equipment": {
					"offhand": {
						"items": [
							"minecraft:shield"
						],
						"predicates":{ "minecraft:custom_data": "{stellarity.special_item:\"crest_of_the_end\"}"}
					}
				}
			}
		}
	]
}
