{
	"type": "minecraft:archaeology",
	"pools": [
		{
			"rolls": 1,
			"bonus_rolls": 0,
			"entries": [
				{
					"type": "minecraft:item",
					"name": "minecraft:emerald",
					"weight": 2
				},
				{
					"type": "minecraft:item",
					"name": "minecraft:chorus_fruit",
					"weight": 2
				},
				{
					"type": "minecraft:item",
					"name": "minecraft:magenta_dye",
					"weight": 2
				},
				{
					"type": "minecraft:item",
					"name": "minecraft:purple_dye",
					"weight": 2
				},
				{
					"type": "minecraft:item",
					"name": "minecraft:black_dye",
					"weight": 2
				},
				{
					"type": "minecraft:item",
					"name": "minecraft:white_dye",
					"weight": 2
				},
				{
					"type": "minecraft:item",
					"name": "minecraft:pink_dye",
					"weight": 2
				},
				{
					"type": "minecraft:item",
					"name": "minecraft:magenta_candle",
					"weight": 2
				},
				{
					"type": "minecraft:item",
					"name": "minecraft:purple_candle",
					"weight": 2
				},
				{
					"type": "minecraft:item",
					"name": "minecraft:pink_candle",
					"weight": 2
				},
				{
					"type": "minecraft:item",
					"name": "minecraft:black_candle",
					"weight": 2
				},
				{
					"type": "minecraft:item",
					"name": "minecraft:magenta_stained_glass_pane"
				},
				{
					"type": "minecraft:item",
					"name": "minecraft:white_stained_glass_pane"
				},
				{
					"type": "minecraft:item",
					"name": "minecraft:purple_stained_glass_pane"
				},
				{
					"type": "minecraft:item",
					"name": "minecraft:magenta_stained_glass_pane"
				},
				{
					"type": "minecraft:item",
					"name": "minecraft:black_stained_glass_pane"
				},
				{
					"type": "minecraft:item",
					"name": "minecraft:pink_stained_glass_pane"
				},
				{
					"type": "minecraft:item",
					"name": "minecraft:glass_pane"
				},
				{
					"type": "minecraft:item",
					"name": "minecraft:warped_hanging_sign"
				},
				{
					"type": "minecraft:item",
					"name": "minecraft:crimson_hanging_sign"
				},
				{
					"type": "minecraft:item",
					"name": "minecraft:gold_nugget"
				},
				{
					"type": "minecraft:item",
					"name": "minecraft:coal"
				},
				{
					"type": "minecraft:item",
					"name": "minecraft:torchflower_seeds"
				},
				{
					"type": "minecraft:item",
					"name": "minecraft:pitcher_pod"
				},
				{
					"type": "minecraft:item",
					"name": "minecraft:dead_bush"
				},
				{
					"type": "minecraft:item",
					"name": "minecraft:flower_pot"
				},
				{
					"type": "minecraft:item",
					"name": "minecraft:string"
				},
				{
					"type": "minecraft:item",
					"name": "minecraft:lead"
				}
			]
		}
	]
}
